[     224ms] [INFO] %cDownload the React DevTools for a better development experience: https://react.dev/link/react-devtools font-weight:bold @ http://localhost:3000/_next/static/chunks/0loi_next_dist_125_q28._.js:2477
[     335ms] [LOG] [HMR] connected @ http://localhost:3000/_next/static/chunks/0loi_next_dist_125_q28._.js:2477
[    1226ms] [WARNING] THREE.Clock: This module has been deprecated. Please use THREE.Timer instead. @ http://localhost:3000/_next/static/chunks/0loi_next_dist_125_q28._.js:2477
[    1305ms] [LOG] [Laptop] GLB world bbox size: 1.320 0.888 1.296 @ http://localhost:3000/_next/static/chunks/0loi_next_dist_125_q28._.js:2477
[    1305ms] [LOG] [Laptop] GLB world bbox center: -2.498 0.412 0.010 @ http://localhost:3000/_next/static/chunks/0loi_next_dist_125_q28._.js:2477
[    1306ms] [LOG] [Laptop] GLB world bbox size: 1.320 0.888 1.296 @ http://localhost:3000/_next/static/chunks/0loi_next_dist_125_q28._.js:2477
[    1306ms] [LOG] [Laptop] GLB world bbox center: -2.498 0.412 0.010 @ http://localhost:3000/_next/static/chunks/0loi_next_dist_125_q28._.js:2477
[    1328ms] [LOG] [Laptop] GLB world bbox size: 1.320 0.888 1.296 @ http://localhost:3000/_next/static/chunks/0loi_next_dist_125_q28._.js:2477
[    1328ms] [LOG] [Laptop] GLB world bbox center: -2.498 0.412 0.010 @ http://localhost:3000/_next/static/chunks/0loi_next_dist_125_q28._.js:2477
[    1329ms] [LOG] [Laptop] GLB world bbox size: 1.320 0.888 1.296 @ http://localhost:3000/_next/static/chunks/0loi_next_dist_125_q28._.js:2477
[    1329ms] [LOG] [Laptop] GLB world bbox center: -2.498 0.412 0.010 @ http://localhost:3000/_next/static/chunks/0loi_next_dist_125_q28._.js:2477
[    1424ms] [LOG] [Laptop] GLB world bbox size: 1.320 0.888 1.296 @ http://localhost:3000/_next/static/chunks/0loi_next_dist_125_q28._.js:2477
[    1425ms] [LOG] [Laptop] GLB world bbox center: -2.498 0.412 0.010 @ http://localhost:3000/_next/static/chunks/0loi_next_dist_125_q28._.js:2477
[    1425ms] [LOG] [Laptop] GLB world bbox size: 1.320 0.888 1.296 @ http://localhost:3000/_next/static/chunks/0loi_next_dist_125_q28._.js:2477
[    1425ms] [LOG] [Laptop] GLB world bbox center: -2.498 0.412 0.010 @ http://localhost:3000/_next/static/chunks/0loi_next_dist_125_q28._.js:2477
[    1519ms] [LOG] [Laptop] GLB world bbox size: 1.320 0.888 1.296 @ http://localhost:3000/_next/static/chunks/0loi_next_dist_125_q28._.js:2477
[    1519ms] [LOG] [Laptop] GLB world bbox center: -2.498 0.412 0.010 @ http://localhost:3000/_next/static/chunks/0loi_next_dist_125_q28._.js:2477
[    1520ms] [LOG] [Laptop] GLB world bbox size: 1.320 0.888 1.296 @ http://localhost:3000/_next/static/chunks/0loi_next_dist_125_q28._.js:2477
[    1520ms] [LOG] [Laptop] GLB world bbox center: -2.498 0.412 0.010 @ http://localhost:3000/_next/static/chunks/0loi_next_dist_125_q28._.js:2477
[    1527ms] [LOG] [Hardware] GLB size: 0.145 0.138 0.005 @ http://localhost:3000/_next/static/chunks/0loi_next_dist_125_q28._.js:2477
[    1528ms] [LOG] [Hardware] scaleFactor: 17.260 @ http://localhost:3000/_next/static/chunks/0loi_next_dist_125_q28._.js:2477
[    1528ms] [LOG] [Hardware] GLB size: 0.145 0.138 0.005 @ http://localhost:3000/_next/static/chunks/0loi_next_dist_125_q28._.js:2477
[    1528ms] [LOG] [Hardware] scaleFactor: 17.260 @ http://localhost:3000/_next/static/chunks/0loi_next_dist_125_q28._.js:2477
[    2187ms] [LOG] THREE.WebGLRenderer: Context Lost. @ http://localhost:3000/_next/static/chunks/0loi_next_dist_125_q28._.js:2477
[    3229ms] [WARNING] THREE.Clock: This module has been deprecated. Please use THREE.Timer instead. @ http://localhost:3000/_next/static/chunks/0loi_next_dist_125_q28._.js:2477
[    3264ms] [LOG] [Laptop] GLB world bbox size: 1.320 0.888 1.296 @ http://localhost:3000/_next/static/chunks/0loi_next_dist_125_q28._.js:2477
[    3265ms] [LOG] [Laptop] GLB world bbox center: -2.498 0.412 0.010 @ http://localhost:3000/_next/static/chunks/0loi_next_dist_125_q28._.js:2477
[    3265ms] [LOG] [Laptop] GLB world bbox size: 1.320 0.888 1.296 @ http://localhost:3000/_next/static/chunks/0loi_next_dist_125_q28._.js:2477
[    3265ms] [LOG] [Laptop] GLB world bbox center: -2.498 0.412 0.010 @ http://localhost:3000/_next/static/chunks/0loi_next_dist_125_q28._.js:2477
[    3269ms] [LOG] [Hardware] GLB size: 0.145 0.138 0.005 @ http://localhost:3000/_next/static/chunks/0loi_next_dist_125_q28._.js:2477
[    3269ms] [LOG] [Hardware] scaleFactor: 17.260 @ http://localhost:3000/_next/static/chunks/0loi_next_dist_125_q28._.js:2477
[    3270ms] [LOG] [Hardware] GLB size: 0.145 0.138 0.005 @ http://localhost:3000/_next/static/chunks/0loi_next_dist_125_q28._.js:2477
[    3270ms] [LOG] [Hardware] scaleFactor: 17.260 @ http://localhost:3000/_next/static/chunks/0loi_next_dist_125_q28._.js:2477
[    4182ms] [LOG]   Group        | "Scene" @ http://localhost:3000/_next/static/chunks/0loi_next_dist_125_q28._.js:2477
[    4182ms] [LOG]   Group        | "DECK" @ http://localhost:3000/_next/static/chunks/0loi_next_dist_125_q28._.js:2477
[    4182ms] [LOG]   Mesh         | "Cube" @ http://localhost:3000/_next/static/chunks/0loi_next_dist_125_q28._.js:2477
[    4182ms] [LOG]   Mesh         | "Cube_1" @ http://localhost:3000/_next/static/chunks/0loi_next_dist_125_q28._.js:2477
[    4182ms] [LOG]   Mesh         | "Cube_2" @ http://localhost:3000/_next/static/chunks/0loi_next_dist_125_q28._.js:2477
[    4183ms] [LOG]   Mesh         | "Cube_3" @ http://localhost:3000/_next/static/chunks/0loi_next_dist_125_q28._.js:2477
[    4183ms] [LOG]   Group        | "keys_phy" @ http://localhost:3000/_next/static/chunks/0loi_next_dist_125_q28._.js:2477
[    4183ms] [LOG]   Mesh         | "Cube004" @ http://localhost:3000/_next/static/chunks/0loi_next_dist_125_q28._.js:2477
[    4183ms] [LOG]   Mesh         | "Cube004_1" @ http://localhost:3000/_next/static/chunks/0loi_next_dist_125_q28._.js:2477
[    4183ms] [LOG]   Mesh         | "mold_1" @ http://localhost:3000/_next/static/chunks/0loi_next_dist_125_q28._.js:2477
[    4183ms] [LOG]   Mesh         | "mold_3" @ http://localhost:3000/_next/static/chunks/0loi_next_dist_125_q28._.js:2477
[    4183ms] [LOG]   Mesh         | "mold_3001" @ http://localhost:3000/_next/static/chunks/0loi_next_dist_125_q28._.js:2477
[    4183ms] [LOG]   Mesh         | "notification_led" @ http://localhost:3000/_next/static/chunks/0loi_next_dist_125_q28._.js:2477
[    4183ms] [LOG]   Mesh         | "powerbutton001" @ http://localhost:3000/_next/static/chunks/0loi_next_dist_125_q28._.js:2477
[    4183ms] [LOG]   Mesh         | "powerbutton" @ http://localhost:3000/_next/static/chunks/0loi_next_dist_125_q28._.js:2477
[    4184ms] [LOG]   Mesh         | "tufLogo" @ http://localhost:3000/_next/static/chunks/0loi_next_dist_125_q28._.js:2477
[    4184ms] [LOG]   Mesh         | "W" @ http://localhost:3000/_next/static/chunks/0loi_next_dist_125_q28._.js:2477
[    4184ms] [LOG]   Mesh         | "A" @ http://localhost:3000/_next/static/chunks/0loi_next_dist_125_q28._.js:2477
[    4184ms] [LOG]   Mesh         | "D" @ http://localhost:3000/_next/static/chunks/0loi_next_dist_125_q28._.js:2477
[    4184ms] [LOG]   Mesh         | "S" @ http://localhost:3000/_next/static/chunks/0loi_next_dist_125_q28._.js:2477
[    4184ms] [LOG]   Group        | "laptop_display" @ http://localhost:3000/_next/static/chunks/0loi_next_dist_125_q28._.js:2477
[    4184ms] [LOG]   Mesh         | "Cube001" @ http://localhost:3000/_next/static/chunks/0loi_next_dist_125_q28._.js:2477
[    4184ms] [LOG]   Mesh         | "Cube001_1" @ http://localhost:3000/_next/static/chunks/0loi_next_dist_125_q28._.js:2477
[    4184ms] [LOG]   Mesh         | "Cylinder" @ http://localhost:3000/_next/static/chunks/0loi_next_dist_125_q28._.js:2477
[    4184ms] [LOG]   Mesh         | "Cylinder001" @ http://localhost:3000/_next/static/chunks/0loi_next_dist_125_q28._.js:2477
[    4184ms] [LOG]   Mesh         | "Plane" @ http://localhost:3000/_next/static/chunks/0loi_next_dist_125_q28._.js:2477
[    4185ms] [LOG]   Mesh         | "tufLogo001" @ http://localhost:3000/_next/static/chunks/0loi_next_dist_125_q28._.js:2477
[    4185ms] [LOG]   Mesh         | "wallpaper" @ http://localhost:3000/_next/static/chunks/0loi_next_dist_125_q28._.js:2477
[    4185ms] [LOG]   Mesh         | "backlight" @ http://localhost:3000/_next/static/chunks/0loi_next_dist_125_q28._.js:2477
[    4185ms] [LOG] [Laptop] Screen texture wired to: wallpaper @ http://localhost:3000/_next/static/chunks/0loi_next_dist_125_q28._.js:2477
[    4186ms] [LOG] [Laptop] Mirror fix applied via texture repeat/offset mapping @ http://localhost:3000/_next/static/chunks/0loi_next_dist_125_q28._.js:2477
[   64850ms] [INFO] %cDownload the React DevTools for a better development experience: https://react.dev/link/react-devtools font-weight:bold @ http://localhost:3000/_next/static/chunks/0loi_next_dist_125_q28._.js:2477
[   64878ms] [LOG] [HMR] connected @ http://localhost:3000/_next/static/chunks/0loi_next_dist_125_q28._.js:2477
[   65038ms] [WARNING] THREE.Clock: This module has been deprecated. Please use THREE.Timer instead. @ http://localhost:3000/_next/static/chunks/0loi_next_dist_125_q28._.js:2477
[   65388ms] [LOG] [Laptop] GLB world bbox size: 1.320 0.888 1.296 @ http://localhost:3000/_next/static/chunks/0loi_next_dist_125_q28._.js:2477
[   65388ms] [LOG] [Laptop] GLB world bbox center: -2.498 0.412 0.010 @ http://localhost:3000/_next/static/chunks/0loi_next_dist_125_q28._.js:2477
[   65388ms] [LOG] [Laptop] GLB world bbox size: 1.320 0.888 1.296 @ http://localhost:3000/_next/static/chunks/0loi_next_dist_125_q28._.js:2477
[   65389ms] [LOG] [Laptop] GLB world bbox center: -2.498 0.412 0.010 @ http://localhost:3000/_next/static/chunks/0loi_next_dist_125_q28._.js:2477
[   65430ms] [LOG] [Laptop] GLB world bbox size: 1.320 0.888 1.296 @ http://localhost:3000/_next/static/chunks/0loi_next_dist_125_q28._.js:2477
[   65430ms] [LOG] [Laptop] GLB world bbox center: -2.498 0.412 0.010 @ http://localhost:3000/_next/static/chunks/0loi_next_dist_125_q28._.js:2477
[   65430ms] [LOG] [Laptop] GLB world bbox size: 1.320 0.888 1.296 @ http://localhost:3000/_next/static/chunks/0loi_next_dist_125_q28._.js:2477
[   65430ms] [LOG] [Laptop] GLB world bbox center: -2.498 0.412 0.010 @ http://localhost:3000/_next/static/chunks/0loi_next_dist_125_q28._.js:2477
[   65434ms] [LOG] [Hardware] GLB size: 0.145 0.138 0.005 @ http://localhost:3000/_next/static/chunks/0loi_next_dist_125_q28._.js:2477
[   65434ms] [LOG] [Hardware] scaleFactor: 17.260 @ http://localhost:3000/_next/static/chunks/0loi_next_dist_125_q28._.js:2477
[   65434ms] [LOG] [Hardware] GLB size: 0.145 0.138 0.005 @ http://localhost:3000/_next/static/chunks/0loi_next_dist_125_q28._.js:2477
[   65435ms] [LOG] [Hardware] scaleFactor: 17.260 @ http://localhost:3000/_next/static/chunks/0loi_next_dist_125_q28._.js:2477
[   65563ms] [LOG]   Group        | "Scene" @ http://localhost:3000/_next/static/chunks/0loi_next_dist_125_q28._.js:2477
[   65564ms] [LOG]   Group        | "DECK" @ http://localhost:3000/_next/static/chunks/0loi_next_dist_125_q28._.js:2477
[   65564ms] [LOG]   Mesh         | "Cube" @ http://localhost:3000/_next/static/chunks/0loi_next_dist_125_q28._.js:2477
[   65564ms] [LOG]   Mesh         | "Cube_1" @ http://localhost:3000/_next/static/chunks/0loi_next_dist_125_q28._.js:2477
[   65564ms] [LOG]   Mesh         | "Cube_2" @ http://localhost:3000/_next/static/chunks/0loi_next_dist_125_q28._.js:2477
[   65564ms] [LOG]   Mesh         | "Cube_3" @ http://localhost:3000/_next/static/chunks/0loi_next_dist_125_q28._.js:2477
[   65564ms] [LOG]   Group        | "keys_phy" @ http://localhost:3000/_next/static/chunks/0loi_next_dist_125_q28._.js:2477
[   65564ms] [LOG]   Mesh         | "Cube004" @ http://localhost:3000/_next/static/chunks/0loi_next_dist_125_q28._.js:2477
[   65564ms] [LOG]   Mesh         | "Cube004_1" @ http://localhost:3000/_next/static/chunks/0loi_next_dist_125_q28._.js:2477
[   65564ms] [LOG]   Mesh         | "mold_1" @ http://localhost:3000/_next/static/chunks/0loi_next_dist_125_q28._.js:2477
[   65564ms] [LOG]   Mesh         | "mold_3" @ http://localhost:3000/_next/static/chunks/0loi_next_dist_125_q28._.js:2477
[   65564ms] [LOG]   Mesh         | "mold_3001" @ http://localhost:3000/_next/static/chunks/0loi_next_dist_125_q28._.js:2477
[   65564ms] [LOG]   Mesh         | "notification_led" @ http://localhost:3000/_next/static/chunks/0loi_next_dist_125_q28._.js:2477
[   65564ms] [LOG]   Mesh         | "powerbutton001" @ http://localhost:3000/_next/static/chunks/0loi_next_dist_125_q28._.js:2477
[   65564ms] [LOG]   Mesh         | "powerbutton" @ http://localhost:3000/_next/static/chunks/0loi_next_dist_125_q28._.js:2477
[   65564ms] [LOG]   Mesh         | "tufLogo" @ http://localhost:3000/_next/static/chunks/0loi_next_dist_125_q28._.js:2477
[   65564ms] [LOG]   Mesh         | "W" @ http://localhost:3000/_next/static/chunks/0loi_next_dist_125_q28._.js:2477
[   65564ms] [LOG]   Mesh         | "A" @ http://localhost:3000/_next/static/chunks/0loi_next_dist_125_q28._.js:2477
[   65564ms] [LOG]   Mesh         | "D" @ http://localhost:3000/_next/static/chunks/0loi_next_dist_125_q28._.js:2477
[   65564ms] [LOG]   Mesh         | "S" @ http://localhost:3000/_next/static/chunks/0loi_next_dist_125_q28._.js:2477
[   65565ms] [LOG]   Group        | "laptop_display" @ http://localhost:3000/_next/static/chunks/0loi_next_dist_125_q28._.js:2477
[   65565ms] [LOG]   Mesh         | "Cube001" @ http://localhost:3000/_next/static/chunks/0loi_next_dist_125_q28._.js:2477
[   65565ms] [LOG]   Mesh         | "Cube001_1" @ http://localhost:3000/_next/static/chunks/0loi_next_dist_125_q28._.js:2477
[   65565ms] [LOG]   Mesh         | "Cylinder" @ http://localhost:3000/_next/static/chunks/0loi_next_dist_125_q28._.js:2477
[   65565ms] [LOG]   Mesh         | "Cylinder001" @ http://localhost:3000/_next/static/chunks/0loi_next_dist_125_q28._.js:2477
[   65565ms] [LOG]   Mesh         | "Plane" @ http://localhost:3000/_next/static/chunks/0loi_next_dist_125_q28._.js:2477
[   65565ms] [LOG]   Mesh         | "tufLogo001" @ http://localhost:3000/_next/static/chunks/0loi_next_dist_125_q28._.js:2477
[   65565ms] [LOG]   Mesh         | "wallpaper" @ http://localhost:3000/_next/static/chunks/0loi_next_dist_125_q28._.js:2477
[   65565ms] [LOG]   Mesh         | "backlight" @ http://localhost:3000/_next/static/chunks/0loi_next_dist_125_q28._.js:2477
[   65565ms] [LOG] [Laptop] Screen texture wired to: wallpaper @ http://localhost:3000/_next/static/chunks/0loi_next_dist_125_q28._.js:2477
[   65565ms] [LOG] [Laptop] Mirror fix applied via texture repeat/offset mapping @ http://localhost:3000/_next/static/chunks/0loi_next_dist_125_q28._.js:2477
[   65758ms] [LOG] [Laptop] GLB world bbox size: 1.320 0.888 1.296 @ http://localhost:3000/_next/static/chunks/0loi_next_dist_125_q28._.js:2477
[   65758ms] [LOG] [Laptop] GLB world bbox center: -2.498 0.412 0.010 @ http://localhost:3000/_next/static/chunks/0loi_next_dist_125_q28._.js:2477
[   65758ms] [LOG] [Laptop] GLB world bbox size: 1.320 0.888 1.296 @ http://localhost:3000/_next/static/chunks/0loi_next_dist_125_q28._.js:2477
[   65758ms] [LOG] [Laptop] GLB world bbox center: -2.498 0.412 0.010 @ http://localhost:3000/_next/static/chunks/0loi_next_dist_125_q28._.js:2477
[   65759ms] [LOG] [Hardware] GLB size: 0.145 0.138 0.005 @ http://localhost:3000/_next/static/chunks/0loi_next_dist_125_q28._.js:2477
[   65759ms] [LOG] [Hardware] scaleFactor: 17.260 @ http://localhost:3000/_next/static/chunks/0loi_next_dist_125_q28._.js:2477
[   65759ms] [LOG] [Hardware] GLB size: 0.145 0.138 0.005 @ http://localhost:3000/_next/static/chunks/0loi_next_dist_125_q28._.js:2477
[   65759ms] [LOG] [Hardware] scaleFactor: 17.260 @ http://localhost:3000/_next/static/chunks/0loi_next_dist_125_q28._.js:2477
[   65769ms] [LOG]   Group        | "Scene" @ http://localhost:3000/_next/static/chunks/0loi_next_dist_125_q28._.js:2477
[   65769ms] [LOG]   Group        | "DECK" @ http://localhost:3000/_next/static/chunks/0loi_next_dist_125_q28._.js:2477
[   65769ms] [LOG]   Mesh         | "Cube" @ http://localhost:3000/_next/static/chunks/0loi_next_dist_125_q28._.js:2477
[   65769ms] [LOG]   Mesh         | "Cube_1" @ http://localhost:3000/_next/static/chunks/0loi_next_dist_125_q28._.js:2477
[   65770ms] [LOG]   Mesh         | "Cube_2" @ http://localhost:3000/_next/static/chunks/0loi_next_dist_125_q28._.js:2477
[   65770ms] [LOG]   Mesh         | "Cube_3" @ http://localhost:3000/_next/static/chunks/0loi_next_dist_125_q28._.js:2477
[   65770ms] [LOG]   Group        | "keys_phy" @ http://localhost:3000/_next/static/chunks/0loi_next_dist_125_q28._.js:2477
[   65770ms] [LOG]   Mesh         | "Cube004" @ http://localhost:3000/_next/static/chunks/0loi_next_dist_125_q28._.js:2477
[   65770ms] [LOG]   Mesh         | "Cube004_1" @ http://localhost:3000/_next/static/chunks/0loi_next_dist_125_q28._.js:2477
[   65770ms] [LOG]   Mesh         | "mold_1" @ http://localhost:3000/_next/static/chunks/0loi_next_dist_125_q28._.js:2477
[   65770ms] [LOG]   Mesh         | "mold_3" @ http://localhost:3000/_next/static/chunks/0loi_next_dist_125_q28._.js:2477
[   65770ms] [LOG]   Mesh         | "mold_3001" @ http://localhost:3000/_next/static/chunks/0loi_next_dist_125_q28._.js:2477
[   65770ms] [LOG]   Mesh         | "notification_led" @ http://localhost:3000/_next/static/chunks/0loi_next_dist_125_q28._.js:2477
[   65770ms] [LOG]   Mesh         | "powerbutton001" @ http://localhost:3000/_next/static/chunks/0loi_next_dist_125_q28._.js:2477
[   65770ms] [LOG]   Mesh         | "powerbutton" @ http://localhost:3000/_next/static/chunks/0loi_next_dist_125_q28._.js:2477
[   65770ms] [LOG]   Mesh         | "tufLogo" @ http://localhost:3000/_next/static/chunks/0loi_next_dist_125_q28._.js:2477
[   65770ms] [LOG]   Mesh         | "W" @ http://localhost:3000/_next/static/chunks/0loi_next_dist_125_q28._.js:2477
[   65770ms] [LOG]   Mesh         | "A" @ http://localhost:3000/_next/static/chunks/0loi_next_dist_125_q28._.js:2477
[   65771ms] [LOG]   Mesh         | "D" @ http://localhost:3000/_next/static/chunks/0loi_next_dist_125_q28._.js:2477
[   65771ms] [LOG]   Mesh         | "S" @ http://localhost:3000/_next/static/chunks/0loi_next_dist_125_q28._.js:2477
[   65771ms] [LOG]   Group        | "laptop_display" @ http://localhost:3000/_next/static/chunks/0loi_next_dist_125_q28._.js:2477
[   65771ms] [LOG]   Mesh         | "Cube001" @ http://localhost:3000/_next/static/chunks/0loi_next_dist_125_q28._.js:2477
[   65771ms] [LOG]   Mesh         | "Cube001_1" @ http://localhost:3000/_next/static/chunks/0loi_next_dist_125_q28._.js:2477
[   65771ms] [LOG]   Mesh         | "Cylinder" @ http://localhost:3000/_next/static/chunks/0loi_next_dist_125_q28._.js:2477
[   65771ms] [LOG]   Mesh         | "Cylinder001" @ http://localhost:3000/_next/static/chunks/0loi_next_dist_125_q28._.js:2477
[   65771ms] [LOG]   Mesh         | "Plane" @ http://localhost:3000/_next/static/chunks/0loi_next_dist_125_q28._.js:2477
[   65771ms] [LOG]   Mesh         | "tufLogo001" @ http://localhost:3000/_next/static/chunks/0loi_next_dist_125_q28._.js:2477
[   65771ms] [LOG]   Mesh         | "wallpaper" @ http://localhost:3000/_next/static/chunks/0loi_next_dist_125_q28._.js:2477
[   65771ms] [LOG]   Mesh         | "backlight" @ http://localhost:3000/_next/static/chunks/0loi_next_dist_125_q28._.js:2477
[   65771ms] [LOG] [Laptop] Screen texture wired to: wallpaper @ http://localhost:3000/_next/static/chunks/0loi_next_dist_125_q28._.js:2477
[   65771ms] [LOG] [Laptop] Mirror fix applied via texture repeat/offset mapping @ http://localhost:3000/_next/static/chunks/0loi_next_dist_125_q28._.js:2477
[   66216ms] [LOG] THREE.WebGLRenderer: Context Lost. @ http://localhost:3000/_next/static/chunks/0loi_next_dist_125_q28._.js:2477
[   66686ms] [WARNING] THREE.Clock: This module has been deprecated. Please use THREE.Timer instead. @ http://localhost:3000/_next/static/chunks/0loi_next_dist_125_q28._.js:2477
[   66830ms] [LOG] [Laptop] GLB world bbox size: 1.320 0.888 1.296 @ http://localhost:3000/_next/static/chunks/0loi_next_dist_125_q28._.js:2477
[   66830ms] [LOG] [Laptop] GLB world bbox center: -2.498 0.412 0.010 @ http://localhost:3000/_next/static/chunks/0loi_next_dist_125_q28._.js:2477
[   66830ms] [LOG] [Laptop] GLB world bbox size: 1.320 0.888 1.296 @ http://localhost:3000/_next/static/chunks/0loi_next_dist_125_q28._.js:2477
[   66830ms] [LOG] [Laptop] GLB world bbox center: -2.498 0.412 0.010 @ http://localhost:3000/_next/static/chunks/0loi_next_dist_125_q28._.js:2477
[   66832ms] [LOG] [Hardware] GLB size: 0.145 0.138 0.005 @ http://localhost:3000/_next/static/chunks/0loi_next_dist_125_q28._.js:2477
[   66832ms] [LOG] [Hardware] scaleFactor: 17.260 @ http://localhost:3000/_next/static/chunks/0loi_next_dist_125_q28._.js:2477
[   66833ms] [LOG] [Hardware] GLB size: 0.145 0.138 0.005 @ http://localhost:3000/_next/static/chunks/0loi_next_dist_125_q28._.js:2477
[   66833ms] [LOG] [Hardware] scaleFactor: 17.260 @ http://localhost:3000/_next/static/chunks/0loi_next_dist_125_q28._.js:2477
[   66845ms] [LOG]   Group        | "Scene" @ http://localhost:3000/_next/static/chunks/0loi_next_dist_125_q28._.js:2477
[   66845ms] [LOG]   Group        | "DECK" @ http://localhost:3000/_next/static/chunks/0loi_next_dist_125_q28._.js:2477
[   66845ms] [LOG]   Mesh         | "Cube" @ http://localhost:3000/_next/static/chunks/0loi_next_dist_125_q28._.js:2477
[   66845ms] [LOG]   Mesh         | "Cube_1" @ http://localhost:3000/_next/static/chunks/0loi_next_dist_125_q28._.js:2477
[   66845ms] [LOG]   Mesh         | "Cube_2" @ http://localhost:3000/_next/static/chunks/0loi_next_dist_125_q28._.js:2477
[   66845ms] [LOG]   Mesh         | "Cube_3" @ http://localhost:3000/_next/static/chunks/0loi_next_dist_125_q28._.js:2477
[   66846ms] [LOG]   Group        | "keys_phy" @ http://localhost:3000/_next/static/chunks/0loi_next_dist_125_q28._.js:2477
[   66846ms] [LOG]   Mesh         | "Cube004" @ http://localhost:3000/_next/static/chunks/0loi_next_dist_125_q28._.js:2477
[   66846ms] [LOG]   Mesh         | "Cube004_1" @ http://localhost:3000/_next/static/chunks/0loi_next_dist_125_q28._.js:2477
[   66846ms] [LOG]   Mesh         | "mold_1" @ http://localhost:3000/_next/static/chunks/0loi_next_dist_125_q28._.js:2477
[   66846ms] [LOG]   Mesh         | "mold_3" @ http://localhost:3000/_next/static/chunks/0loi_next_dist_125_q28._.js:2477
[   66846ms] [LOG]   Mesh         | "mold_3001" @ http://localhost:3000/_next/static/chunks/0loi_next_dist_125_q28._.js:2477
[   66846ms] [LOG]   Mesh         | "notification_led" @ http://localhost:3000/_next/static/chunks/0loi_next_dist_125_q28._.js:2477
[   66846ms] [LOG]   Mesh         | "powerbutton001" @ http://localhost:3000/_next/static/chunks/0loi_next_dist_125_q28._.js:2477
[   66847ms] [LOG]   Mesh         | "powerbutton" @ http://localhost:3000/_next/static/chunks/0loi_next_dist_125_q28._.js:2477
[   66847ms] [LOG]   Mesh         | "tufLogo" @ http://localhost:3000/_next/static/chunks/0loi_next_dist_125_q28._.js:2477
[   66847ms] [LOG]   Mesh         | "W" @ http://localhost:3000/_next/static/chunks/0loi_next_dist_125_q28._.js:2477
[   66847ms] [LOG]   Mesh         | "A" @ http://localhost:3000/_next/static/chunks/0loi_next_dist_125_q28._.js:2477
[   66848ms] [LOG]   Mesh         | "D" @ http://localhost:3000/_next/static/chunks/0loi_next_dist_125_q28._.js:2477
[   66848ms] [LOG]   Mesh         | "S" @ http://localhost:3000/_next/static/chunks/0loi_next_dist_125_q28._.js:2477
[   66848ms] [LOG]   Group        | "laptop_display" @ http://localhost:3000/_next/static/chunks/0loi_next_dist_125_q28._.js:2477
[   66848ms] [LOG]   Mesh         | "Cube001" @ http://localhost:3000/_next/static/chunks/0loi_next_dist_125_q28._.js:2477
[   66848ms] [LOG]   Mesh         | "Cube001_1" @ http://localhost:3000/_next/static/chunks/0loi_next_dist_125_q28._.js:2477
[   66848ms] [LOG]   Mesh         | "Cylinder" @ http://localhost:3000/_next/static/chunks/0loi_next_dist_125_q28._.js:2477
[   66848ms] [LOG]   Mesh         | "Cylinder001" @ http://localhost:3000/_next/static/chunks/0loi_next_dist_125_q28._.js:2477
[   66848ms] [LOG]   Mesh         | "Plane" @ http://localhost:3000/_next/static/chunks/0loi_next_dist_125_q28._.js:2477
[   66848ms] [LOG]   Mesh         | "tufLogo001" @ http://localhost:3000/_next/static/chunks/0loi_next_dist_125_q28._.js:2477
[   66849ms] [LOG]   Mesh         | "wallpaper" @ http://localhost:3000/_next/static/chunks/0loi_next_dist_125_q28._.js:2477
[   66849ms] [LOG]   Mesh         | "backlight" @ http://localhost:3000/_next/static/chunks/0loi_next_dist_125_q28._.js:2477
[   66849ms] [LOG] [Laptop] Screen texture wired to: wallpaper @ http://localhost:3000/_next/static/chunks/0loi_next_dist_125_q28._.js:2477
[   66849ms] [LOG] [Laptop] Mirror fix applied via texture repeat/offset mapping @ http://localhost:3000/_next/static/chunks/0loi_next_dist_125_q28._.js:2477
[  364012ms] [LOG] [Fast Refresh] rebuilding @ http://localhost:3000/_next/static/chunks/0loi_next_dist_125_q28._.js:2477
[  364348ms] [LOG] [Fast Refresh] done in 436ms @ http://localhost:3000/_next/static/chunks/0loi_next_dist_125_q28._.js:2477
[  384655ms] [LOG] [Fast Refresh] rebuilding @ http://localhost:3000/_next/static/chunks/0loi_next_dist_125_q28._.js:2477
[  384679ms] [LOG] [Laptop] GLB world bbox size: 1.320 0.888 1.296 @ http://localhost:3000/_next/static/chunks/0loi_next_dist_125_q28._.js:2477
[  384684ms] [LOG] [Laptop] GLB world bbox center: -2.498 0.412 0.010 @ http://localhost:3000/_next/static/chunks/0loi_next_dist_125_q28._.js:2477
[  384685ms] [LOG] [Laptop] GLB world bbox size: 1.320 0.888 1.296 @ http://localhost:3000/_next/static/chunks/0loi_next_dist_125_q28._.js:2477
[  384685ms] [LOG] [Laptop] GLB world bbox center: -2.498 0.412 0.010 @ http://localhost:3000/_next/static/chunks/0loi_next_dist_125_q28._.js:2477
[  384689ms] [LOG] [Laptop] GLB world bbox size: 1.320 0.888 1.296 @ http://localhost:3000/_next/static/chunks/0loi_next_dist_125_q28._.js:2477
[  384690ms] [LOG] [Laptop] GLB world bbox center: -2.498 0.412 0.010 @ http://localhost:3000/_next/static/chunks/0loi_next_dist_125_q28._.js:2477
[  384690ms] [LOG] [Laptop] GLB world bbox size: 1.320 0.888 1.296 @ http://localhost:3000/_next/static/chunks/0loi_next_dist_125_q28._.js:2477
[  384690ms] [LOG] [Laptop] GLB world bbox center: -2.498 0.412 0.010 @ http://localhost:3000/_next/static/chunks/0loi_next_dist_125_q28._.js:2477
[  384696ms] [LOG] [Fast Refresh] done in 115ms @ http://localhost:3000/_next/static/chunks/0loi_next_dist_125_q28._.js:2477
[  398576ms] [LOG] [Fast Refresh] rebuilding @ http://localhost:3000/_next/static/chunks/0loi_next_dist_125_q28._.js:2477
[  398610ms] [LOG] [Laptop] GLB world bbox size: 1.320 0.888 1.296 @ http://localhost:3000/_next/static/chunks/0loi_next_dist_125_q28._.js:2477
[  398613ms] [LOG] [Laptop] GLB world bbox center: -2.498 0.412 0.010 @ http://localhost:3000/_next/static/chunks/0loi_next_dist_125_q28._.js:2477
[  398613ms] [LOG] [Laptop] GLB world bbox size: 1.320 0.888 1.296 @ http://localhost:3000/_next/static/chunks/0loi_next_dist_125_q28._.js:2477
[  398614ms] [LOG] [Laptop] GLB world bbox center: -2.498 0.412 0.010 @ http://localhost:3000/_next/static/chunks/0loi_next_dist_125_q28._.js:2477
[  398616ms] [LOG] [Laptop] GLB world bbox size: 1.320 0.888 1.296 @ http://localhost:3000/_next/static/chunks/0loi_next_dist_125_q28._.js:2477
[  398617ms] [LOG] [Laptop] GLB world bbox center: -2.498 0.412 0.010 @ http://localhost:3000/_next/static/chunks/0loi_next_dist_125_q28._.js:2477
[  398617ms] [LOG] [Laptop] GLB world bbox size: 1.320 0.888 1.296 @ http://localhost:3000/_next/static/chunks/0loi_next_dist_125_q28._.js:2477
[  398617ms] [LOG] [Laptop] GLB world bbox center: -2.498 0.412 0.010 @ http://localhost:3000/_next/static/chunks/0loi_next_dist_125_q28._.js:2477
[  398624ms] [LOG] [Fast Refresh] done in 128ms @ http://localhost:3000/_next/static/chunks/0loi_next_dist_125_q28._.js:2477
[  421260ms] [LOG] [Fast Refresh] rebuilding @ http://localhost:3000/_next/static/chunks/0loi_next_dist_125_q28._.js:2477
[  421574ms] [LOG] [Laptop] GLB world bbox size: 1.320 0.888 1.296 @ http://localhost:3000/_next/static/chunks/0loi_next_dist_125_q28._.js:2477
[  421577ms] [LOG] [Laptop] GLB world bbox center: -2.498 0.412 0.010 @ http://localhost:3000/_next/static/chunks/0loi_next_dist_125_q28._.js:2477
[  421578ms] [LOG] [Laptop] GLB world bbox size: 1.320 0.888 1.296 @ http://localhost:3000/_next/static/chunks/0loi_next_dist_125_q28._.js:2477
[  421578ms] [LOG] [Laptop] GLB world bbox center: -2.498 0.412 0.010 @ http://localhost:3000/_next/static/chunks/0loi_next_dist_125_q28._.js:2477
[  421581ms] [LOG] [Laptop] GLB world bbox size: 1.320 0.888 1.296 @ http://localhost:3000/_next/static/chunks/0loi_next_dist_125_q28._.js:2477
[  421581ms] [LOG] [Laptop] GLB world bbox center: -2.498 0.412 0.010 @ http://localhost:3000/_next/static/chunks/0loi_next_dist_125_q28._.js:2477
[  421581ms] [LOG] [Laptop] GLB world bbox size: 1.320 0.888 1.296 @ http://localhost:3000/_next/static/chunks/0loi_next_dist_125_q28._.js:2477
[  421582ms] [LOG] [Laptop] GLB world bbox center: -2.498 0.412 0.010 @ http://localhost:3000/_next/static/chunks/0loi_next_dist_125_q28._.js:2477
[  421591ms] [LOG] [Fast Refresh] done in 373ms @ http://localhost:3000/_next/static/chunks/0loi_next_dist_125_q28._.js:2477
[  422156ms] [LOG] THREE.WebGLRenderer: Context Lost. @ http://localhost:3000/_next/static/chunks/0loi_next_dist_125_q28._.js:2477
[  422631ms] [WARNING] THREE.Clock: This module has been deprecated. Please use THREE.Timer instead. @ http://localhost:3000/_next/static/chunks/0loi_next_dist_125_q28._.js:2477
[  422700ms] [LOG] [Laptop] GLB world bbox size: 1.320 0.888 1.296 @ http://localhost:3000/_next/static/chunks/0loi_next_dist_125_q28._.js:2477
[  422701ms] [LOG] [Laptop] GLB world bbox center: -2.498 0.412 0.010 @ http://localhost:3000/_next/static/chunks/0loi_next_dist_125_q28._.js:2477
[  422701ms] [LOG] [Laptop] GLB world bbox size: 1.320 0.888 1.296 @ http://localhost:3000/_next/static/chunks/0loi_next_dist_125_q28._.js:2477
[  422701ms] [LOG] [Laptop] GLB world bbox center: -2.498 0.412 0.010 @ http://localhost:3000/_next/static/chunks/0loi_next_dist_125_q28._.js:2477
[  422705ms] [LOG] [Hardware] GLB size: 0.145 0.138 0.005 @ http://localhost:3000/_next/static/chunks/0loi_next_dist_125_q28._.js:2477
[  422705ms] [LOG] [Hardware] scaleFactor: 17.260 @ http://localhost:3000/_next/static/chunks/0loi_next_dist_125_q28._.js:2477
[  422705ms] [LOG] [Hardware] GLB size: 0.145 0.138 0.005 @ http://localhost:3000/_next/static/chunks/0loi_next_dist_125_q28._.js:2477
[  422706ms] [LOG] [Hardware] scaleFactor: 17.260 @ http://localhost:3000/_next/static/chunks/0loi_next_dist_125_q28._.js:2477
[  422736ms] [LOG]   Group        | "Scene" @ http://localhost:3000/_next/static/chunks/0loi_next_dist_125_q28._.js:2477
[  422736ms] [LOG]   Group        | "DECK" @ http://localhost:3000/_next/static/chunks/0loi_next_dist_125_q28._.js:2477
[  422736ms] [LOG]   Mesh         | "Cube" @ http://localhost:3000/_next/static/chunks/0loi_next_dist_125_q28._.js:2477
[  422736ms] [LOG]   Mesh         | "Cube_1" @ http://localhost:3000/_next/static/chunks/0loi_next_dist_125_q28._.js:2477
[  422736ms] [LOG]   Mesh         | "Cube_2" @ http://localhost:3000/_next/static/chunks/0loi_next_dist_125_q28._.js:2477
[  422736ms] [LOG]   Mesh         | "Cube_3" @ http://localhost:3000/_next/static/chunks/0loi_next_dist_125_q28._.js:2477
[  422737ms] [LOG]   Group        | "keys_phy" @ http://localhost:3000/_next/static/chunks/0loi_next_dist_125_q28._.js:2477
[  422737ms] [LOG]   Mesh         | "Cube004" @ http://localhost:3000/_next/static/chunks/0loi_next_dist_125_q28._.js:2477
[  422737ms] [LOG]   Mesh         | "Cube004_1" @ http://localhost:3000/_next/static/chunks/0loi_next_dist_125_q28._.js:2477
[  422737ms] [LOG]   Mesh         | "mold_1" @ http://localhost:3000/_next/static/chunks/0loi_next_dist_125_q28._.js:2477
[  422737ms] [LOG]   Mesh         | "mold_3" @ http://localhost:3000/_next/static/chunks/0loi_next_dist_125_q28._.js:2477
[  422737ms] [LOG]   Mesh         | "mold_3001" @ http://localhost:3000/_next/static/chunks/0loi_next_dist_125_q28._.js:2477
[  422738ms] [LOG]   Mesh         | "notification_led" @ http://localhost:3000/_next/static/chunks/0loi_next_dist_125_q28._.js:2477
[  422738ms] [LOG]   Mesh         | "powerbutton001" @ http://localhost:3000/_next/static/chunks/0loi_next_dist_125_q28._.js:2477
[  422738ms] [LOG]   Mesh         | "powerbutton" @ http://localhost:3000/_next/static/chunks/0loi_next_dist_125_q28._.js:2477
[  422738ms] [LOG]   Mesh         | "tufLogo" @ http://localhost:3000/_next/static/chunks/0loi_next_dist_125_q28._.js:2477
[  422738ms] [LOG]   Mesh         | "W" @ http://localhost:3000/_next/static/chunks/0loi_next_dist_125_q28._.js:2477
[  422738ms] [LOG]   Mesh         | "A" @ http://localhost:3000/_next/static/chunks/0loi_next_dist_125_q28._.js:2477
[  422738ms] [LOG]   Mesh         | "D" @ http://localhost:3000/_next/static/chunks/0loi_next_dist_125_q28._.js:2477
[  422738ms] [LOG]   Mesh         | "S" @ http://localhost:3000/_next/static/chunks/0loi_next_dist_125_q28._.js:2477
[  422738ms] [LOG]   Group        | "laptop_display" @ http://localhost:3000/_next/static/chunks/0loi_next_dist_125_q28._.js:2477
[  422738ms] [LOG]   Mesh         | "Cube001" @ http://localhost:3000/_next/static/chunks/0loi_next_dist_125_q28._.js:2477
[  422739ms] [LOG]   Mesh         | "Cube001_1" @ http://localhost:3000/_next/static/chunks/0loi_next_dist_125_q28._.js:2477
[  422739ms] [LOG]   Mesh         | "Cylinder" @ http://localhost:3000/_next/static/chunks/0loi_next_dist_125_q28._.js:2477
[  422739ms] [LOG]   Mesh         | "Cylinder001" @ http://localhost:3000/_next/static/chunks/0loi_next_dist_125_q28._.js:2477
[  422739ms] [LOG]   Mesh         | "Plane" @ http://localhost:3000/_next/static/chunks/0loi_next_dist_125_q28._.js:2477
[  422739ms] [LOG]   Mesh         | "tufLogo001" @ http://localhost:3000/_next/static/chunks/0loi_next_dist_125_q28._.js:2477
[  422739ms] [LOG]   Mesh         | "wallpaper" @ http://localhost:3000/_next/static/chunks/0loi_next_dist_125_q28._.js:2477
[  422739ms] [LOG]   Mesh         | "backlight" @ http://localhost:3000/_next/static/chunks/0loi_next_dist_125_q28._.js:2477
[  422740ms] [LOG] [Laptop] Screen texture wired to: wallpaper @ http://localhost:3000/_next/static/chunks/0loi_next_dist_125_q28._.js:2477
[  422740ms] [LOG] [Laptop] Mirror fix applied via texture repeat/offset mapping @ http://localhost:3000/_next/static/chunks/0loi_next_dist_125_q28._.js:2477
[  447417ms] [LOG] [Fast Refresh] rebuilding @ http://localhost:3000/_next/static/chunks/0loi_next_dist_125_q28._.js:2477
[  447640ms] [LOG] [Fast Refresh] done in 262ms @ http://localhost:3000/_next/static/chunks/0loi_next_dist_125_q28._.js:2477
[  463246ms] [LOG] [Fast Refresh] rebuilding @ http://localhost:3000/_next/static/chunks/0loi_next_dist_125_q28._.js:2477
[  463483ms] [LOG] [Fast Refresh] done in 304ms @ http://localhost:3000/_next/static/chunks/0loi_next_dist_125_q28._.js:2477
[  463720ms] [LOG] [Fast Refresh] rebuilding @ http://localhost:3000/_next/static/chunks/0loi_next_dist_125_q28._.js:2477
[  463883ms] [LOG] [Fast Refresh] done in 269ms @ http://localhost:3000/_next/static/chunks/0loi_next_dist_125_q28._.js:2477
[  464046ms] [LOG] THREE.WebGLRenderer: Context Lost. @ http://localhost:3000/_next/static/chunks/0loi_next_dist_125_q28._.js:2477
[  464519ms] [WARNING] THREE.Clock: This module has been deprecated. Please use THREE.Timer instead. @ http://localhost:3000/_next/static/chunks/0loi_next_dist_125_q28._.js:2477
[  464609ms] [LOG] [Laptop] GLB world bbox size: 1.320 0.888 1.296 @ http://localhost:3000/_next/static/chunks/0loi_next_dist_125_q28._.js:2477
[  464610ms] [LOG] [Laptop] GLB world bbox center: -2.498 0.412 0.010 @ http://localhost:3000/_next/static/chunks/0loi_next_dist_125_q28._.js:2477
[  464611ms] [LOG] [Laptop] GLB world bbox size: 1.320 0.888 1.296 @ http://localhost:3000/_next/static/chunks/0loi_next_dist_125_q28._.js:2477
[  464611ms] [LOG] [Laptop] GLB world bbox center: -2.498 0.412 0.010 @ http://localhost:3000/_next/static/chunks/0loi_next_dist_125_q28._.js:2477
[  464617ms] [LOG] [Hardware] GLB size: 0.145 0.138 0.005 @ http://localhost:3000/_next/static/chunks/0loi_next_dist_125_q28._.js:2477
[  464617ms] [LOG] [Hardware] scaleFactor: 17.260 @ http://localhost:3000/_next/static/chunks/0loi_next_dist_125_q28._.js:2477
[  464618ms] [LOG] [Hardware] GLB size: 0.145 0.138 0.005 @ http://localhost:3000/_next/static/chunks/0loi_next_dist_125_q28._.js:2477
[  464618ms] [LOG] [Hardware] scaleFactor: 17.260 @ http://localhost:3000/_next/static/chunks/0loi_next_dist_125_q28._.js:2477
[  464654ms] [LOG]   Group        | "Scene" @ http://localhost:3000/_next/static/chunks/0loi_next_dist_125_q28._.js:2477
[  464654ms] [LOG]   Group        | "DECK" @ http://localhost:3000/_next/static/chunks/0loi_next_dist_125_q28._.js:2477
[  464654ms] [LOG]   Mesh         | "Cube" @ http://localhost:3000/_next/static/chunks/0loi_next_dist_125_q28._.js:2477
[  464654ms] [LOG]   Mesh         | "Cube_1" @ http://localhost:3000/_next/static/chunks/0loi_next_dist_125_q28._.js:2477
[  464654ms] [LOG]   Mesh         | "Cube_2" @ http://localhost:3000/_next/static/chunks/0loi_next_dist_125_q28._.js:2477
[  464654ms] [LOG]   Mesh         | "Cube_3" @ http://localhost:3000/_next/static/chunks/0loi_next_dist_125_q28._.js:2477
[  464654ms] [LOG]   Group        | "keys_phy" @ http://localhost:3000/_next/static/chunks/0loi_next_dist_125_q28._.js:2477
[  464655ms] [LOG]   Mesh         | "Cube004" @ http://localhost:3000/_next/static/chunks/0loi_next_dist_125_q28._.js:2477
[  464655ms] [LOG]   Mesh         | "Cube004_1" @ http://localhost:3000/_next/static/chunks/0loi_next_dist_125_q28._.js:2477
[  464655ms] [LOG]   Mesh         | "mold_1" @ http://localhost:3000/_next/static/chunks/0loi_next_dist_125_q28._.js:2477
[  464655ms] [LOG]   Mesh         | "mold_3" @ http://localhost:3000/_next/static/chunks/0loi_next_dist_125_q28._.js:2477
[  464655ms] [LOG]   Mesh         | "mold_3001" @ http://localhost:3000/_next/static/chunks/0loi_next_dist_125_q28._.js:2477
[  464656ms] [LOG]   Mesh         | "notification_led" @ http://localhost:3000/_next/static/chunks/0loi_next_dist_125_q28._.js:2477
[  464656ms] [LOG]   Mesh         | "powerbutton001" @ http://localhost:3000/_next/static/chunks/0loi_next_dist_125_q28._.js:2477
[  464656ms] [LOG]   Mesh         | "powerbutton" @ http://localhost:3000/_next/static/chunks/0loi_next_dist_125_q28._.js:2477
[  464656ms] [LOG]   Mesh         | "tufLogo" @ http://localhost:3000/_next/static/chunks/0loi_next_dist_125_q28._.js:2477
[  464656ms] [LOG]   Mesh         | "W" @ http://localhost:3000/_next/static/chunks/0loi_next_dist_125_q28._.js:2477
[  464656ms] [LOG]   Mesh         | "A" @ http://localhost:3000/_next/static/chunks/0loi_next_dist_125_q28._.js:2477
[  464657ms] [LOG]   Mesh         | "D" @ http://localhost:3000/_next/static/chunks/0loi_next_dist_125_q28._.js:2477
[  464657ms] [LOG]   Mesh         | "S" @ http://localhost:3000/_next/static/chunks/0loi_next_dist_125_q28._.js:2477
[  464657ms] [LOG]   Group        | "laptop_display" @ http://localhost:3000/_next/static/chunks/0loi_next_dist_125_q28._.js:2477
[  464657ms] [LOG]   Mesh         | "Cube001" @ http://localhost:3000/_next/static/chunks/0loi_next_dist_125_q28._.js:2477
[  464658ms] [LOG]   Mesh         | "Cube001_1" @ http://localhost:3000/_next/static/chunks/0loi_next_dist_125_q28._.js:2477
[  464658ms] [LOG]   Mesh         | "Cylinder" @ http://localhost:3000/_next/static/chunks/0loi_next_dist_125_q28._.js:2477
[  464658ms] [LOG]   Mesh         | "Cylinder001" @ http://localhost:3000/_next/static/chunks/0loi_next_dist_125_q28._.js:2477
[  464658ms] [LOG]   Mesh         | "Plane" @ http://localhost:3000/_next/static/chunks/0loi_next_dist_125_q28._.js:2477
[  464658ms] [LOG]   Mesh         | "tufLogo001" @ http://localhost:3000/_next/static/chunks/0loi_next_dist_125_q28._.js:2477
[  464658ms] [LOG]   Mesh         | "wallpaper" @ http://localhost:3000/_next/static/chunks/0loi_next_dist_125_q28._.js:2477
[  464659ms] [LOG]   Mesh         | "backlight" @ http://localhost:3000/_next/static/chunks/0loi_next_dist_125_q28._.js:2477
[  464659ms] [LOG] [Laptop] Screen texture wired to: wallpaper @ http://localhost:3000/_next/static/chunks/0loi_next_dist_125_q28._.js:2477
[  464659ms] [LOG] [Laptop] Mirror fix applied via texture repeat/offset mapping @ http://localhost:3000/_next/static/chunks/0loi_next_dist_125_q28._.js:2477
[  471404ms] [LOG] [Fast Refresh] rebuilding @ http://localhost:3000/_next/static/chunks/0loi_next_dist_125_q28._.js:2477
[  471726ms] [ERROR] You provided a `value` prop to a form field without an `onChange` handler. This will render a read-only field. If the field should be mutable use `defaultValue`. Otherwise, set either `onChange` or `readOnly`. @ http://localhost:3000/_next/static/chunks/0loi_next_dist_125_q28._.js:3318
[  471771ms] [LOG] [Fast Refresh] done in 386ms @ http://localhost:3000/_next/static/chunks/0loi_next_dist_125_q28._.js:2477
[  471910ms] [LOG] [Fast Refresh] rebuilding @ http://localhost:3000/_next/static/chunks/0loi_next_dist_125_q28._.js:2477
[  471976ms] [LOG] [Fast Refresh] done in 166ms @ http://localhost:3000/_next/static/chunks/0loi_next_dist_125_q28._.js:2477
[  472083ms] [LOG] [Fast Refresh] rebuilding @ http://localhost:3000/_next/static/chunks/0loi_next_dist_125_q28._.js:2477
[  472135ms] [LOG] [Laptop] GLB world bbox size: 1.320 0.888 1.296 @ http://localhost:3000/_next/static/chunks/0loi_next_dist_125_q28._.js:2477
[  472135ms] [LOG] [Laptop] GLB world bbox center: -2.498 0.412 0.010 @ http://localhost:3000/_next/static/chunks/0loi_next_dist_125_q28._.js:2477
[  472136ms] [LOG] [Laptop] GLB world bbox size: 1.320 0.888 1.296 @ http://localhost:3000/_next/static/chunks/0loi_next_dist_125_q28._.js:2477
[  472136ms] [LOG] [Laptop] GLB world bbox center: -2.498 0.412 0.010 @ http://localhost:3000/_next/static/chunks/0loi_next_dist_125_q28._.js:2477
[  472140ms] [LOG] [Hardware] GLB size: 0.145 0.138 0.005 @ http://localhost:3000/_next/static/chunks/0loi_next_dist_125_q28._.js:2477
[  472140ms] [LOG] [Hardware] scaleFactor: 17.260 @ http://localhost:3000/_next/static/chunks/0loi_next_dist_125_q28._.js:2477
[  472141ms] [LOG] [Hardware] GLB size: 0.145 0.138 0.005 @ http://localhost:3000/_next/static/chunks/0loi_next_dist_125_q28._.js:2477
[  472141ms] [LOG] [Hardware] scaleFactor: 17.260 @ http://localhost:3000/_next/static/chunks/0loi_next_dist_125_q28._.js:2477
[  472156ms] [LOG]   Group        | "Scene" @ http://localhost:3000/_next/static/chunks/0loi_next_dist_125_q28._.js:2477
[  472156ms] [LOG]   Group        | "DECK" @ http://localhost:3000/_next/static/chunks/0loi_next_dist_125_q28._.js:2477
[  472156ms] [LOG]   Mesh         | "Cube" @ http://localhost:3000/_next/static/chunks/0loi_next_dist_125_q28._.js:2477
[  472157ms] [LOG]   Mesh         | "Cube_1" @ http://localhost:3000/_next/static/chunks/0loi_next_dist_125_q28._.js:2477
[  472157ms] [LOG]   Mesh         | "Cube_2" @ http://localhost:3000/_next/static/chunks/0loi_next_dist_125_q28._.js:2477
[  472157ms] [LOG]   Mesh         | "Cube_3" @ http://localhost:3000/_next/static/chunks/0loi_next_dist_125_q28._.js:2477
[  472157ms] [LOG]   Group        | "keys_phy" @ http://localhost:3000/_next/static/chunks/0loi_next_dist_125_q28._.js:2477
[  472157ms] [LOG]   Mesh         | "Cube004" @ http://localhost:3000/_next/static/chunks/0loi_next_dist_125_q28._.js:2477
[  472157ms] [LOG]   Mesh         | "Cube004_1" @ http://localhost:3000/_next/static/chunks/0loi_next_dist_125_q28._.js:2477
[  472157ms] [LOG]   Mesh         | "mold_1" @ http://localhost:3000/_next/static/chunks/0loi_next_dist_125_q28._.js:2477
[  472157ms] [LOG]   Mesh         | "mold_3" @ http://localhost:3000/_next/static/chunks/0loi_next_dist_125_q28._.js:2477
[  472157ms] [LOG]   Mesh         | "mold_3001" @ http://localhost:3000/_next/static/chunks/0loi_next_dist_125_q28._.js:2477
[  472158ms] [LOG]   Mesh         | "notification_led" @ http://localhost:3000/_next/static/chunks/0loi_next_dist_125_q28._.js:2477
[  472158ms] [LOG]   Mesh         | "powerbutton001" @ http://localhost:3000/_next/static/chunks/0loi_next_dist_125_q28._.js:2477
[  472158ms] [LOG]   Mesh         | "powerbutton" @ http://localhost:3000/_next/static/chunks/0loi_next_dist_125_q28._.js:2477
[  472158ms] [LOG]   Mesh         | "tufLogo" @ http://localhost:3000/_next/static/chunks/0loi_next_dist_125_q28._.js:2477
[  472158ms] [LOG]   Mesh         | "W" @ http://localhost:3000/_next/static/chunks/0loi_next_dist_125_q28._.js:2477
[  472158ms] [LOG]   Mesh         | "A" @ http://localhost:3000/_next/static/chunks/0loi_next_dist_125_q28._.js:2477
[  472158ms] [LOG]   Mesh         | "D" @ http://localhost:3000/_next/static/chunks/0loi_next_dist_125_q28._.js:2477
[  472158ms] [LOG]   Mesh         | "S" @ http://localhost:3000/_next/static/chunks/0loi_next_dist_125_q28._.js:2477
[  472158ms] [LOG]   Group        | "laptop_display" @ http://localhost:3000/_next/static/chunks/0loi_next_dist_125_q28._.js:2477
[  472158ms] [LOG]   Mesh         | "Cube001" @ http://localhost:3000/_next/static/chunks/0loi_next_dist_125_q28._.js:2477
[  472159ms] [LOG]   Mesh         | "Cube001_1" @ http://localhost:3000/_next/static/chunks/0loi_next_dist_125_q28._.js:2477
[  472159ms] [LOG]   Mesh         | "Cylinder" @ http://localhost:3000/_next/static/chunks/0loi_next_dist_125_q28._.js:2477
[  472159ms] [LOG]   Mesh         | "Cylinder001" @ http://localhost:3000/_next/static/chunks/0loi_next_dist_125_q28._.js:2477
[  472159ms] [LOG]   Mesh         | "Plane" @ http://localhost:3000/_next/static/chunks/0loi_next_dist_125_q28._.js:2477
[  472159ms] [LOG]   Mesh         | "tufLogo001" @ http://localhost:3000/_next/static/chunks/0loi_next_dist_125_q28._.js:2477
[  472159ms] [LOG]   Mesh         | "wallpaper" @ http://localhost:3000/_next/static/chunks/0loi_next_dist_125_q28._.js:2477
[  472160ms] [LOG]   Mesh         | "backlight" @ http://localhost:3000/_next/static/chunks/0loi_next_dist_125_q28._.js:2477
[  472160ms] [LOG] [Laptop] Screen texture wired to: wallpaper @ http://localhost:3000/_next/static/chunks/0loi_next_dist_125_q28._.js:2477
[  472160ms] [LOG] [Laptop] Mirror fix applied via texture repeat/offset mapping @ http://localhost:3000/_next/static/chunks/0loi_next_dist_125_q28._.js:2477
[  472369ms] [LOG] [Fast Refresh] done in 388ms @ http://localhost:3000/_next/static/chunks/0loi_next_dist_125_q28._.js:2477
[  472615ms] [INFO] %cDownload the React DevTools for a better development experience: https://react.dev/link/react-devtools font-weight:bold @ http://localhost:3000/_next/static/chunks/0loi_next_dist_125_q28._.js:2477
[  472677ms] [LOG] [HMR] connected @ http://localhost:3000/_next/static/chunks/0loi_next_dist_125_q28._.js:2477
[  472752ms] [ERROR] You provided a `value` prop to a form field without an `onChange` handler. This will render a read-only field. If the field should be mutable use `defaultValue`. Otherwise, set either `onChange` or `readOnly`. @ http://localhost:3000/_next/static/chunks/0loi_next_dist_125_q28._.js:3318
[  473070ms] [WARNING] THREE.Clock: This module has been deprecated. Please use THREE.Timer instead. @ http://localhost:3000/_next/static/chunks/0loi_next_dist_125_q28._.js:2477
[  473424ms] [LOG] [Laptop] GLB world bbox size: 1.320 0.888 1.296 @ http://localhost:3000/_next/static/chunks/0loi_next_dist_125_q28._.js:2477
[  473424ms] [LOG] [Laptop] GLB world bbox center: -2.498 0.412 0.010 @ http://localhost:3000/_next/static/chunks/0loi_next_dist_125_q28._.js:2477
[  473425ms] [LOG] [Laptop] GLB world bbox size: 1.320 0.888 1.296 @ http://localhost:3000/_next/static/chunks/0loi_next_dist_125_q28._.js:2477
[  473425ms] [LOG] [Laptop] GLB world bbox center: -2.498 0.412 0.010 @ http://localhost:3000/_next/static/chunks/0loi_next_dist_125_q28._.js:2477
[  473499ms] [LOG] [Laptop] GLB world bbox size: 1.320 0.888 1.296 @ http://localhost:3000/_next/static/chunks/0loi_next_dist_125_q28._.js:2477
[  473500ms] [LOG] [Laptop] GLB world bbox center: -2.498 0.412 0.010 @ http://localhost:3000/_next/static/chunks/0loi_next_dist_125_q28._.js:2477
[  473500ms] [LOG] [Laptop] GLB world bbox size: 1.320 0.888 1.296 @ http://localhost:3000/_next/static/chunks/0loi_next_dist_125_q28._.js:2477
[  473501ms] [LOG] [Laptop] GLB world bbox center: -2.498 0.412 0.010 @ http://localhost:3000/_next/static/chunks/0loi_next_dist_125_q28._.js:2477
[  473510ms] [LOG] [Hardware] GLB size: 0.145 0.138 0.005 @ http://localhost:3000/_next/static/chunks/0loi_next_dist_125_q28._.js:2477
[  473511ms] [LOG] [Hardware] scaleFactor: 17.260 @ http://localhost:3000/_next/static/chunks/0loi_next_dist_125_q28._.js:2477
[  473511ms] [LOG] [Hardware] GLB size: 0.145 0.138 0.005 @ http://localhost:3000/_next/static/chunks/0loi_next_dist_125_q28._.js:2477
[  473511ms] [LOG] [Hardware] scaleFactor: 17.260 @ http://localhost:3000/_next/static/chunks/0loi_next_dist_125_q28._.js:2477
[  473562ms] [LOG]   Group        | "Scene" @ http://localhost:3000/_next/static/chunks/0loi_next_dist_125_q28._.js:2477
[  473562ms] [LOG]   Group        | "DECK" @ http://localhost:3000/_next/static/chunks/0loi_next_dist_125_q28._.js:2477
[  473562ms] [LOG]   Mesh         | "Cube" @ http://localhost:3000/_next/static/chunks/0loi_next_dist_125_q28._.js:2477
[  473562ms] [LOG]   Mesh         | "Cube_1" @ http://localhost:3000/_next/static/chunks/0loi_next_dist_125_q28._.js:2477
[  473562ms] [LOG]   Mesh         | "Cube_2" @ http://localhost:3000/_next/static/chunks/0loi_next_dist_125_q28._.js:2477
[  473563ms] [LOG]   Mesh         | "Cube_3" @ http://localhost:3000/_next/static/chunks/0loi_next_dist_125_q28._.js:2477
[  473563ms] [LOG]   Group        | "keys_phy" @ http://localhost:3000/_next/static/chunks/0loi_next_dist_125_q28._.js:2477
[  473563ms] [LOG]   Mesh         | "Cube004" @ http://localhost:3000/_next/static/chunks/0loi_next_dist_125_q28._.js:2477
[  473563ms] [LOG]   Mesh         | "Cube004_1" @ http://localhost:3000/_next/static/chunks/0loi_next_dist_125_q28._.js:2477
[  473563ms] [LOG]   Mesh         | "mold_1" @ http://localhost:3000/_next/static/chunks/0loi_next_dist_125_q28._.js:2477
[  473564ms] [LOG]   Mesh         | "mold_3" @ http://localhost:3000/_next/static/chunks/0loi_next_dist_125_q28._.js:2477
[  473564ms] [LOG]   Mesh         | "mold_3001" @ http://localhost:3000/_next/static/chunks/0loi_next_dist_125_q28._.js:2477
[  473564ms] [LOG]   Mesh         | "notification_led" @ http://localhost:3000/_next/static/chunks/0loi_next_dist_125_q28._.js:2477
[  473572ms] [LOG]   Mesh         | "powerbutton001" @ http://localhost:3000/_next/static/chunks/0loi_next_dist_125_q28._.js:2477
[  473572ms] [LOG]   Mesh         | "powerbutton" @ http://localhost:3000/_next/static/chunks/0loi_next_dist_125_q28._.js:2477
[  473572ms] [LOG]   Mesh         | "tufLogo" @ http://localhost:3000/_next/static/chunks/0loi_next_dist_125_q28._.js:2477
[  473572ms] [LOG]   Mesh         | "W" @ http://localhost:3000/_next/static/chunks/0loi_next_dist_125_q28._.js:2477
[  473572ms] [LOG]   Mesh         | "A" @ http://localhost:3000/_next/static/chunks/0loi_next_dist_125_q28._.js:2477
[  473573ms] [LOG]   Mesh         | "D" @ http://localhost:3000/_next/static/chunks/0loi_next_dist_125_q28._.js:2477
[  473573ms] [LOG]   Mesh         | "S" @ http://localhost:3000/_next/static/chunks/0loi_next_dist_125_q28._.js:2477
[  473573ms] [LOG]   Group        | "laptop_display" @ http://localhost:3000/_next/static/chunks/0loi_next_dist_125_q28._.js:2477
[  473573ms] [LOG]   Mesh         | "Cube001" @ http://localhost:3000/_next/static/chunks/0loi_next_dist_125_q28._.js:2477
[  473573ms] [LOG]   Mesh         | "Cube001_1" @ http://localhost:3000/_next/static/chunks/0loi_next_dist_125_q28._.js:2477
[  473573ms] [LOG]   Mesh         | "Cylinder" @ http://localhost:3000/_next/static/chunks/0loi_next_dist_125_q28._.js:2477
[  473573ms] [LOG]   Mesh         | "Cylinder001" @ http://localhost:3000/_next/static/chunks/0loi_next_dist_125_q28._.js:2477
[  473573ms] [LOG]   Mesh         | "Plane" @ http://localhost:3000/_next/static/chunks/0loi_next_dist_125_q28._.js:2477
[  473573ms] [LOG]   Mesh         | "tufLogo001" @ http://localhost:3000/_next/static/chunks/0loi_next_dist_125_q28._.js:2477
[  473573ms] [LOG]   Mesh         | "wallpaper" @ http://localhost:3000/_next/static/chunks/0loi_next_dist_125_q28._.js:2477
[  473573ms] [LOG]   Mesh         | "backlight" @ http://localhost:3000/_next/static/chunks/0loi_next_dist_125_q28._.js:2477
[  473574ms] [LOG] [Laptop] Screen texture wired to: wallpaper @ http://localhost:3000/_next/static/chunks/0loi_next_dist_125_q28._.js:2477
[  473574ms] [LOG] [Laptop] Mirror fix applied via texture repeat/offset mapping @ http://localhost:3000/_next/static/chunks/0loi_next_dist_125_q28._.js:2477
[  473748ms] [LOG] [Laptop] GLB world bbox size: 1.320 0.888 1.296 @ http://localhost:3000/_next/static/chunks/0loi_next_dist_125_q28._.js:2477
[  473749ms] [LOG] [Laptop] GLB world bbox center: -2.498 0.412 0.010 @ http://localhost:3000/_next/static/chunks/0loi_next_dist_125_q28._.js:2477
[  473749ms] [LOG] [Laptop] GLB world bbox size: 1.320 0.888 1.296 @ http://localhost:3000/_next/static/chunks/0loi_next_dist_125_q28._.js:2477
[  473750ms] [LOG] [Laptop] GLB world bbox center: -2.498 0.412 0.010 @ http://localhost:3000/_next/static/chunks/0loi_next_dist_125_q28._.js:2477
[  473755ms] [LOG] [Hardware] GLB size: 0.145 0.138 0.005 @ http://localhost:3000/_next/static/chunks/0loi_next_dist_125_q28._.js:2477
[  473756ms] [LOG] [Hardware] scaleFactor: 17.260 @ http://localhost:3000/_next/static/chunks/0loi_next_dist_125_q28._.js:2477
[  473756ms] [LOG] [Hardware] GLB size: 0.145 0.138 0.005 @ http://localhost:3000/_next/static/chunks/0loi_next_dist_125_q28._.js:2477
[  473756ms] [LOG] [Hardware] scaleFactor: 17.260 @ http://localhost:3000/_next/static/chunks/0loi_next_dist_125_q28._.js:2477
[  473778ms] [LOG]   Group        | "Scene" @ http://localhost:3000/_next/static/chunks/0loi_next_dist_125_q28._.js:2477
[  473778ms] [LOG]   Group        | "DECK" @ http://localhost:3000/_next/static/chunks/0loi_next_dist_125_q28._.js:2477
[  473778ms] [LOG]   Mesh         | "Cube" @ http://localhost:3000/_next/static/chunks/0loi_next_dist_125_q28._.js:2477
[  473779ms] [LOG]   Mesh         | "Cube_1" @ http://localhost:3000/_next/static/chunks/0loi_next_dist_125_q28._.js:2477
[  473779ms] [LOG]   Mesh         | "Cube_2" @ http://localhost:3000/_next/static/chunks/0loi_next_dist_125_q28._.js:2477
[  473779ms] [LOG]   Mesh         | "Cube_3" @ http://localhost:3000/_next/static/chunks/0loi_next_dist_125_q28._.js:2477
[  473779ms] [LOG]   Group        | "keys_phy" @ http://localhost:3000/_next/static/chunks/0loi_next_dist_125_q28._.js:2477
[  473779ms] [LOG]   Mesh         | "Cube004" @ http://localhost:3000/_next/static/chunks/0loi_next_dist_125_q28._.js:2477
[  473779ms] [LOG]   Mesh         | "Cube004_1" @ http://localhost:3000/_next/static/chunks/0loi_next_dist_125_q28._.js:2477
[  473780ms] [LOG]   Mesh         | "mold_1" @ http://localhost:3000/_next/static/chunks/0loi_next_dist_125_q28._.js:2477
[  473780ms] [LOG]   Mesh         | "mold_3" @ http://localhost:3000/_next/static/chunks/0loi_next_dist_125_q28._.js:2477
[  473780ms] [LOG]   Mesh         | "mold_3001" @ http://localhost:3000/_next/static/chunks/0loi_next_dist_125_q28._.js:2477
[  473780ms] [LOG]   Mesh         | "notification_led" @ http://localhost:3000/_next/static/chunks/0loi_next_dist_125_q28._.js:2477
[  473780ms] [LOG]   Mesh         | "powerbutton001" @ http://localhost:3000/_next/static/chunks/0loi_next_dist_125_q28._.js:2477
[  473781ms] [LOG]   Mesh         | "powerbutton" @ http://localhost:3000/_next/static/chunks/0loi_next_dist_125_q28._.js:2477
[  473781ms] [LOG]   Mesh         | "tufLogo" @ http://localhost:3000/_next/static/chunks/0loi_next_dist_125_q28._.js:2477
[  473781ms] [LOG]   Mesh         | "W" @ http://localhost:3000/_next/static/chunks/0loi_next_dist_125_q28._.js:2477
[  473781ms] [LOG]   Mesh         | "A" @ http://localhost:3000/_next/static/chunks/0loi_next_dist_125_q28._.js:2477
[  473781ms] [LOG]   Mesh         | "D" @ http://localhost:3000/_next/static/chunks/0loi_next_dist_125_q28._.js:2477
[  473781ms] [LOG]   Mesh         | "S" @ http://localhost:3000/_next/static/chunks/0loi_next_dist_125_q28._.js:2477
[  473781ms] [LOG]   Group        | "laptop_display" @ http://localhost:3000/_next/static/chunks/0loi_next_dist_125_q28._.js:2477
[  473782ms] [LOG]   Mesh         | "Cube001" @ http://localhost:3000/_next/static/chunks/0loi_next_dist_125_q28._.js:2477
[  473782ms] [LOG]   Mesh         | "Cube001_1" @ http://localhost:3000/_next/static/chunks/0loi_next_dist_125_q28._.js:2477
[  473782ms] [LOG]   Mesh         | "Cylinder" @ http://localhost:3000/_next/static/chunks/0loi_next_dist_125_q28._.js:2477
[  473782ms] [LOG]   Mesh         | "Cylinder001" @ http://localhost:3000/_next/static/chunks/0loi_next_dist_125_q28._.js:2477
[  473782ms] [LOG]   Mesh         | "Plane" @ http://localhost:3000/_next/static/chunks/0loi_next_dist_125_q28._.js:2477
[  473782ms] [LOG]   Mesh         | "tufLogo001" @ http://localhost:3000/_next/static/chunks/0loi_next_dist_125_q28._.js:2477
[  473782ms] [LOG]   Mesh         | "wallpaper" @ http://localhost:3000/_next/static/chunks/0loi_next_dist_125_q28._.js:2477
[  473783ms] [LOG]   Mesh         | "backlight" @ http://localhost:3000/_next/static/chunks/0loi_next_dist_125_q28._.js:2477
[  473783ms] [LOG] [Laptop] Screen texture wired to: wallpaper @ http://localhost:3000/_next/static/chunks/0loi_next_dist_125_q28._.js:2477
[  473783ms] [LOG] [Laptop] Mirror fix applied via texture repeat/offset mapping @ http://localhost:3000/_next/static/chunks/0loi_next_dist_125_q28._.js:2477
[  474201ms] [LOG] THREE.WebGLRenderer: Context Lost. @ http://localhost:3000/_next/static/chunks/0loi_next_dist_125_q28._.js:2477
[  474669ms] [WARNING] THREE.Clock: This module has been deprecated. Please use THREE.Timer instead. @ http://localhost:3000/_next/static/chunks/0loi_next_dist_125_q28._.js:2477
[  474731ms] [LOG] [Laptop] GLB world bbox size: 1.320 0.888 1.296 @ http://localhost:3000/_next/static/chunks/0loi_next_dist_125_q28._.js:2477
[  474731ms] [LOG] [Laptop] GLB world bbox center: -2.498 0.412 0.010 @ http://localhost:3000/_next/static/chunks/0loi_next_dist_125_q28._.js:2477
[  474731ms] [LOG] [Laptop] GLB world bbox size: 1.320 0.888 1.296 @ http://localhost:3000/_next/static/chunks/0loi_next_dist_125_q28._.js:2477
[  474732ms] [LOG] [Laptop] GLB world bbox center: -2.498 0.412 0.010 @ http://localhost:3000/_next/static/chunks/0loi_next_dist_125_q28._.js:2477
[  474736ms] [LOG] [Hardware] GLB size: 0.145 0.138 0.005 @ http://localhost:3000/_next/static/chunks/0loi_next_dist_125_q28._.js:2477
[  474736ms] [LOG] [Hardware] scaleFactor: 17.260 @ http://localhost:3000/_next/static/chunks/0loi_next_dist_125_q28._.js:2477
[  474737ms] [LOG] [Hardware] GLB size: 0.145 0.138 0.005 @ http://localhost:3000/_next/static/chunks/0loi_next_dist_125_q28._.js:2477
[  474737ms] [LOG] [Hardware] scaleFactor: 17.260 @ http://localhost:3000/_next/static/chunks/0loi_next_dist_125_q28._.js:2477
[  474758ms] [LOG]   Group        | "Scene" @ http://localhost:3000/_next/static/chunks/0loi_next_dist_125_q28._.js:2477
[  474758ms] [LOG]   Group        | "DECK" @ http://localhost:3000/_next/static/chunks/0loi_next_dist_125_q28._.js:2477
[  474758ms] [LOG]   Mesh         | "Cube" @ http://localhost:3000/_next/static/chunks/0loi_next_dist_125_q28._.js:2477
[  474758ms] [LOG]   Mesh         | "Cube_1" @ http://localhost:3000/_next/static/chunks/0loi_next_dist_125_q28._.js:2477
[  474759ms] [LOG]   Mesh         | "Cube_2" @ http://localhost:3000/_next/static/chunks/0loi_next_dist_125_q28._.js:2477
[  474759ms] [LOG]   Mesh         | "Cube_3" @ http://localhost:3000/_next/static/chunks/0loi_next_dist_125_q28._.js:2477
[  474759ms] [LOG]   Group        | "keys_phy" @ http://localhost:3000/_next/static/chunks/0loi_next_dist_125_q28._.js:2477
[  474759ms] [LOG]   Mesh         | "Cube004" @ http://localhost:3000/_next/static/chunks/0loi_next_dist_125_q28._.js:2477
[  474759ms] [LOG]   Mesh         | "Cube004_1" @ http://localhost:3000/_next/static/chunks/0loi_next_dist_125_q28._.js:2477
[  474760ms] [LOG]   Mesh         | "mold_1" @ http://localhost:3000/_next/static/chunks/0loi_next_dist_125_q28._.js:2477
[  474760ms] [LOG]   Mesh         | "mold_3" @ http://localhost:3000/_next/static/chunks/0loi_next_dist_125_q28._.js:2477
[  474760ms] [LOG]   Mesh         | "mold_3001" @ http://localhost:3000/_next/static/chunks/0loi_next_dist_125_q28._.js:2477
[  474760ms] [LOG]   Mesh         | "notification_led" @ http://localhost:3000/_next/static/chunks/0loi_next_dist_125_q28._.js:2477
[  474760ms] [LOG]   Mesh         | "powerbutton001" @ http://localhost:3000/_next/static/chunks/0loi_next_dist_125_q28._.js:2477
[  474760ms] [LOG]   Mesh         | "powerbutton" @ http://localhost:3000/_next/static/chunks/0loi_next_dist_125_q28._.js:2477
[  474760ms] [LOG]   Mesh         | "tufLogo" @ http://localhost:3000/_next/static/chunks/0loi_next_dist_125_q28._.js:2477
[  474760ms] [LOG]   Mesh         | "W" @ http://localhost:3000/_next/static/chunks/0loi_next_dist_125_q28._.js:2477
[  474761ms] [LOG]   Mesh         | "A" @ http://localhost:3000/_next/static/chunks/0loi_next_dist_125_q28._.js:2477
[  474761ms] [LOG]   Mesh         | "D" @ http://localhost:3000/_next/static/chunks/0loi_next_dist_125_q28._.js:2477
[  474761ms] [LOG]   Mesh         | "S" @ http://localhost:3000/_next/static/chunks/0loi_next_dist_125_q28._.js:2477
[  474761ms] [LOG]   Group        | "laptop_display" @ http://localhost:3000/_next/static/chunks/0loi_next_dist_125_q28._.js:2477
[  474761ms] [LOG]   Mesh         | "Cube001" @ http://localhost:3000/_next/static/chunks/0loi_next_dist_125_q28._.js:2477
[  474761ms] [LOG]   Mesh         | "Cube001_1" @ http://localhost:3000/_next/static/chunks/0loi_next_dist_125_q28._.js:2477
[  474761ms] [LOG]   Mesh         | "Cylinder" @ http://localhost:3000/_next/static/chunks/0loi_next_dist_125_q28._.js:2477
[  474761ms] [LOG]   Mesh         | "Cylinder001" @ http://localhost:3000/_next/static/chunks/0loi_next_dist_125_q28._.js:2477
[  474762ms] [LOG]   Mesh         | "Plane" @ http://localhost:3000/_next/static/chunks/0loi_next_dist_125_q28._.js:2477
[  474762ms] [LOG]   Mesh         | "tufLogo001" @ http://localhost:3000/_next/static/chunks/0loi_next_dist_125_q28._.js:2477
[  474762ms] [LOG]   Mesh         | "wallpaper" @ http://localhost:3000/_next/static/chunks/0loi_next_dist_125_q28._.js:2477
[  474762ms] [LOG]   Mesh         | "backlight" @ http://localhost:3000/_next/static/chunks/0loi_next_dist_125_q28._.js:2477
[  474763ms] [LOG] [Laptop] Screen texture wired to: wallpaper @ http://localhost:3000/_next/static/chunks/0loi_next_dist_125_q28._.js:2477
[  474763ms] [LOG] [Laptop] Mirror fix applied via texture repeat/offset mapping @ http://localhost:3000/_next/static/chunks/0loi_next_dist_125_q28._.js:2477
[  503238ms] [LOG] [Fast Refresh] rebuilding @ http://localhost:3000/_next/static/chunks/0loi_next_dist_125_q28._.js:2477
[  503262ms] [LOG] [Laptop] GLB world bbox size: 1.320 0.888 1.296 @ http://localhost:3000/_next/static/chunks/0loi_next_dist_125_q28._.js:2477
[  503265ms] [LOG] [Laptop] GLB world bbox center: -2.498 0.412 0.010 @ http://localhost:3000/_next/static/chunks/0loi_next_dist_125_q28._.js:2477
[  503265ms] [LOG] [Laptop] GLB world bbox size: 1.320 0.888 1.296 @ http://localhost:3000/_next/static/chunks/0loi_next_dist_125_q28._.js:2477
[  503265ms] [LOG] [Laptop] GLB world bbox center: -2.498 0.412 0.010 @ http://localhost:3000/_next/static/chunks/0loi_next_dist_125_q28._.js:2477
[  503268ms] [LOG] [Laptop] GLB world bbox size: 1.320 0.888 1.296 @ http://localhost:3000/_next/static/chunks/0loi_next_dist_125_q28._.js:2477
[  503268ms] [LOG] [Laptop] GLB world bbox center: -2.498 0.412 0.010 @ http://localhost:3000/_next/static/chunks/0loi_next_dist_125_q28._.js:2477
[  503268ms] [LOG] [Laptop] GLB world bbox size: 1.320 0.888 1.296 @ http://localhost:3000/_next/static/chunks/0loi_next_dist_125_q28._.js:2477
[  503268ms] [LOG] [Laptop] GLB world bbox center: -2.498 0.412 0.010 @ http://localhost:3000/_next/static/chunks/0loi_next_dist_125_q28._.js:2477
[  503276ms] [LOG] [Fast Refresh] done in 118ms @ http://localhost:3000/_next/static/chunks/0loi_next_dist_125_q28._.js:2477
[  552857ms] [LOG] [Fast Refresh] rebuilding @ http://localhost:3000/_next/static/chunks/0loi_next_dist_125_q28._.js:2477
[  552933ms] [LOG] [Fast Refresh] done in 180ms @ http://localhost:3000/_next/static/chunks/0loi_next_dist_125_q28._.js:2477
[  594658ms] [LOG] [Fast Refresh] rebuilding @ http://localhost:3000/_next/static/chunks/0loi_next_dist_125_q28._.js:2477
[  594770ms] [ERROR] ./Documents/PULLO/PullO/frontend/components/terminal-input.tsx:201:10
the name `MobileInput` is defined multiple times
  199 | }
  200 |
> 201 | function MobileInput() {
      |          ^^^^^^^^^^^
  202 |   const ref = useRef<HTMLInputElement>(null)
  203 |   const buffer = useRef('')
  204 |

Ecmascript file had an error

Import traces:
  Client Component Browser:
    ./Documents/PULLO/PullO/frontend/components/terminal-input.tsx [Client Component Browser]
    ./Documents/PULLO/PullO/frontend/app/page.tsx [Client Component Browser]
    ./Documents/PULLO/PullO/frontend/app/page.tsx [Server Component]

  Client Component SSR:
    ./Documents/PULLO/PullO/frontend/components/terminal-input.tsx [Client Component SSR]
    ./Documents/PULLO/PullO/frontend/app/page.tsx [Client Component SSR]
    ./Documents/PULLO/PullO/frontend/app/page.tsx [Server Component] @ http://localhost:3000/_next/static/chunks/0loi_next_dist_125_q28._.js:3318
[  594854ms] [ERROR] ./Documents/PULLO/PullO/frontend/components/terminal-input.tsx:201:10
the name `MobileInput` is defined multiple times
  199 | }
  200 |
> 201 | function MobileInput() {
      |          ^^^^^^^^^^^
  202 |   const ref = useRef<HTMLInputElement>(null)
  203 |   const buffer = useRef('')
  204 |

Ecmascript file had an error

Import traces:
  Client Component Browser:
    ./Documents/PULLO/PullO/frontend/components/terminal-input.tsx [Client Component Browser]
    ./Documents/PULLO/PullO/frontend/app/page.tsx [Client Component Browser]
    ./Documents/PULLO/PullO/frontend/app/page.tsx [Server Component]

  Client Component SSR:
    ./Documents/PULLO/PullO/frontend/components/terminal-input.tsx [Client Component SSR]
    ./Documents/PULLO/PullO/frontend/app/page.tsx [Client Component SSR]
    ./Documents/PULLO/PullO/frontend/app/page.tsx [Server Component] @ http://localhost:3000/_next/static/chunks/0loi_next_dist_125_q28._.js:3318
[  594959ms] [LOG] [Fast Refresh] rebuilding @ http://localhost:3000/_next/static/chunks/0loi_next_dist_125_q28._.js:2477
[  595680ms] [ERROR] Failed to load resource: the server responded with a status of 500 (Internal Server Error) @ http://localhost:3000/?_rsc=q3mOO9BClNZHexY7:0
[  595683ms] [ERROR] ./Documents/PULLO/PullO/frontend/components/terminal-input.tsx:201:10
the name `MobileInput` is defined multiple times
  199 | }
  200 |
> 201 | function MobileInput() {
      |          ^^^^^^^^^^^
  202 |   const ref = useRef<HTMLInputElement>(null)
  203 |   const buffer = useRef('')
  204 |

Ecmascript file had an error

Import traces:
  Client Component Browser:
    ./Documents/PULLO/PullO/frontend/components/terminal-input.tsx [Client Component Browser]
    ./Documents/PULLO/PullO/frontend/app/page.tsx [Client Component Browser]
    ./Documents/PULLO/PullO/frontend/app/page.tsx [Server Component]

  Client Component SSR:
    ./Documents/PULLO/PullO/frontend/components/terminal-input.tsx [Client Component SSR]
    ./Documents/PULLO/PullO/frontend/app/page.tsx [Client Component SSR]
    ./Documents/PULLO/PullO/frontend/app/page.tsx [Server Component] @ http://localhost:3000/_next/static/chunks/0loi_next_dist_125_q28._.js:3318
[  595684ms] [ERROR] ./Documents/PULLO/PullO/frontend/components/terminal-input.tsx:201:10
the name `MobileInput` is defined multiple times
  199 | }
  200 |
> 201 | function MobileInput() {
      |          ^^^^^^^^^^^
  202 |   const ref = useRef<HTMLInputElement>(null)
  203 |   const buffer = useRef('')
  204 |

Ecmascript file had an error

Import traces:
  Client Component Browser:
    ./Documents/PULLO/PullO/frontend/components/terminal-input.tsx [Client Component Browser]
    ./Documents/PULLO/PullO/frontend/app/page.tsx [Client Component Browser]
    ./Documents/PULLO/PullO/frontend/app/page.tsx [Server Component]

  Client Component SSR:
    ./Documents/PULLO/PullO/frontend/components/terminal-input.tsx [Client Component SSR]
    ./Documents/PULLO/PullO/frontend/app/page.tsx [Client Component SSR]
    ./Documents/PULLO/PullO/frontend/app/page.tsx [Server Component] @ http://localhost:3000/_next/static/chunks/0loi_next_dist_125_q28._.js:3318
[  595799ms] [ERROR] Failed to load resource: the server responded with a status of 500 (Internal Server Error) @ http://localhost:3000/:0
[  595951ms] [INFO] %cDownload the React DevTools for a better development experience: https://react.dev/link/react-devtools font-weight:bold @ http://localhost:3000/_next/static/chunks/0loi_react-dom_11g2xyu._.js:15305
[  596059ms] Error: ./Documents/PULLO/PullO/frontend/components/terminal-input.tsx:201:10
the name `MobileInput` is defined multiple times
  199 | }
  200 |
> 201 | function MobileInput() {
      |          ^^^^^^^^^^^
  202 |   const ref = useRef<HTMLInputElement>(null)
  203 |   const buffer = useRef('')
  204 |

Ecmascript file had an error

Import traces:
  Client Component Browser:
    ./Documents/PULLO/PullO/frontend/components/terminal-input.tsx [Client Component Browser]
    ./Documents/PULLO/PullO/frontend/app/page.tsx [Client Component Browser]
    ./Documents/PULLO/PullO/frontend/app/page.tsx [Server Component]

  Client Component SSR:
    ./Documents/PULLO/PullO/frontend/components/terminal-input.tsx [Client Component SSR]
    ./Documents/PULLO/PullO/frontend/app/page.tsx [Client Component SSR]
    ./Documents/PULLO/PullO/frontend/app/page.tsx [Server Component]


    at <unknown> (Error: ./Documents/PULLO/PullO/frontend/components/terminal-input.tsx:201:10)
    at Object.getCompilationErrors (file://C:\Users\ASUS\Documents\PULLO\PullO\frontend\node_modules\next\dist\server\dev\hot-reloader-turbopack.js:1186:59)
    at DevBundlerService.getCompilationError (file://C:\Users\ASUS\Documents\PULLO\PullO\frontend\node_modules\next\dist\server\lib\dev-bundler-service.js:44:55)
    at DevServer.getCompilationError (file://C:\Users\ASUS\Documents\PULLO\PullO\frontend\node_modules\next\dist\server\dev\next-dev-server.js:720:42)
    at DevServer.findPageComponents (file://C:\Users\ASUS\Documents\PULLO\PullO\frontend\node_modules\next\dist\server\dev\next-dev-server.js:690:43)
    at async DevServer.renderErrorToResponseImpl (file://C:\Users\ASUS\Documents\PULLO\PullO\frontend\node_modules\next\dist\server\base-server.js:1753:26)
[  596057ms] [LOG] [HMR] connected @ http://localhost:3000/_next/static/chunks/0loi_next_dist_03f_.x~._.js:1226
[  596064ms] [ERROR] ./Documents/PULLO/PullO/frontend/components/terminal-input.tsx:201:10
the name `MobileInput` is defined multiple times
  199 | }
  200 |
> 201 | function MobileInput() {
      |          ^^^^^^^^^^^
  202 |   const ref = useRef<HTMLInputElement>(null)
  203 |   const buffer = useRef('')
  204 |

Ecmascript file had an error

Import traces:
  Client Component Browser:
    ./Documents/PULLO/PullO/frontend/components/terminal-input.tsx [Client Component Browser]
    ./Documents/PULLO/PullO/frontend/app/page.tsx [Client Component Browser]
    ./Documents/PULLO/PullO/frontend/app/page.tsx [Server Component]

  Client Component SSR:
    ./Documents/PULLO/PullO/frontend/components/terminal-input.tsx [Client Component SSR]
    ./Documents/PULLO/PullO/frontend/app/page.tsx [Client Component SSR]
    ./Documents/PULLO/PullO/frontend/app/page.tsx [Server Component] @ http://localhost:3000/_next/static/chunks/0loi_next_dist_03f_.x~._.js:1945
[  596156ms] [ERROR] ./Documents/PULLO/PullO/frontend/components/terminal-input.tsx:201:10
the name `MobileInput` is defined multiple times
  199 | }
  200 |
> 201 | function MobileInput() {
      |          ^^^^^^^^^^^
  202 |   const ref = useRef<HTMLInputElement>(null)
  203 |   const buffer = useRef('')
  204 |

Ecmascript file had an error

Import traces:
  Client Component Browser:
    ./Documents/PULLO/PullO/frontend/components/terminal-input.tsx [Client Component Browser]
    ./Documents/PULLO/PullO/frontend/app/page.tsx [Client Component Browser]
    ./Documents/PULLO/PullO/frontend/app/page.tsx [Server Component]

  Client Component SSR:
    ./Documents/PULLO/PullO/frontend/components/terminal-input.tsx [Client Component SSR]
    ./Documents/PULLO/PullO/frontend/app/page.tsx [Client Component SSR]
    ./Documents/PULLO/PullO/frontend/app/page.tsx [Server Component] @ http://localhost:3000/_next/static/chunks/0loi_next_dist_03f_.x~._.js:1945
[  596174ms] [LOG] [Fast Refresh] rebuilding @ http://localhost:3000/_next/static/chunks/0loi_next_dist_03f_.x~._.js:1226
[  611825ms] [LOG] [Fast Refresh] rebuilding @ http://localhost:3000/_next/static/chunks/0loi_next_dist_03f_.x~._.js:1226
[  611828ms] [LOG] [Fast Refresh] done in 92ms @ http://localhost:3000/_next/static/chunks/0loi_next_dist_03f_.x~._.js:1226
[  611981ms] [LOG] [Fast Refresh] rebuilding @ http://localhost:3000/_next/static/chunks/0loi_next_dist_03f_.x~._.js:1226
[  612155ms] [LOG] [Fast Refresh] done in 287ms @ http://localhost:3000/_next/static/chunks/0loi_next_dist_03f_.x~._.js:1226
[  612296ms] [INFO] %cDownload the React DevTools for a better development experience: https://react.dev/link/react-devtools font-weight:bold @ http://localhost:3000/_next/static/chunks/0loi_next_dist_125_q28._.js:2477
[  612347ms] [LOG] [HMR] connected @ http://localhost:3000/_next/static/chunks/0loi_next_dist_125_q28._.js:2477
[  612663ms] [WARNING] THREE.Clock: This module has been deprecated. Please use THREE.Timer instead. @ http://localhost:3000/_next/static/chunks/0loi_next_dist_125_q28._.js:2477
[  612855ms] [LOG] [Laptop] GLB world bbox size: 1.320 0.888 1.296 @ http://localhost:3000/_next/static/chunks/0loi_next_dist_125_q28._.js:2477
[  612855ms] [LOG] [Laptop] GLB world bbox center: -2.498 0.412 0.010 @ http://localhost:3000/_next/static/chunks/0loi_next_dist_125_q28._.js:2477
[  612856ms] [LOG] [Laptop] GLB world bbox size: 1.320 0.888 1.296 @ http://localhost:3000/_next/static/chunks/0loi_next_dist_125_q28._.js:2477
[  612856ms] [LOG] [Laptop] GLB world bbox center: -2.498 0.412 0.010 @ http://localhost:3000/_next/static/chunks/0loi_next_dist_125_q28._.js:2477
[  612950ms] [LOG] [Laptop] GLB world bbox size: 1.320 0.888 1.296 @ http://localhost:3000/_next/static/chunks/0loi_next_dist_125_q28._.js:2477
[  612950ms] [LOG] [Laptop] GLB world bbox center: -2.498 0.412 0.010 @ http://localhost:3000/_next/static/chunks/0loi_next_dist_125_q28._.js:2477
[  612950ms] [LOG] [Laptop] GLB world bbox size: 1.320 0.888 1.296 @ http://localhost:3000/_next/static/chunks/0loi_next_dist_125_q28._.js:2477
[  612951ms] [LOG] [Laptop] GLB world bbox center: -2.498 0.412 0.010 @ http://localhost:3000/_next/static/chunks/0loi_next_dist_125_q28._.js:2477
[  612959ms] [LOG] [Hardware] GLB size: 0.145 0.138 0.005 @ http://localhost:3000/_next/static/chunks/0loi_next_dist_125_q28._.js:2477
[  612960ms] [LOG] [Hardware] scaleFactor: 17.260 @ http://localhost:3000/_next/static/chunks/0loi_next_dist_125_q28._.js:2477
[  612960ms] [LOG] [Hardware] GLB size: 0.145 0.138 0.005 @ http://localhost:3000/_next/static/chunks/0loi_next_dist_125_q28._.js:2477
[  612960ms] [LOG] [Hardware] scaleFactor: 17.260 @ http://localhost:3000/_next/static/chunks/0loi_next_dist_125_q28._.js:2477
[  613060ms] [LOG]   Group        | "Scene" @ http://localhost:3000/_next/static/chunks/0loi_next_dist_125_q28._.js:2477
[  613060ms] [LOG]   Group        | "DECK" @ http://localhost:3000/_next/static/chunks/0loi_next_dist_125_q28._.js:2477
[  613060ms] [LOG]   Mesh         | "Cube" @ http://localhost:3000/_next/static/chunks/0loi_next_dist_125_q28._.js:2477
[  613060ms] [LOG]   Mesh         | "Cube_1" @ http://localhost:3000/_next/static/chunks/0loi_next_dist_125_q28._.js:2477
[  613060ms] [LOG]   Mesh         | "Cube_2" @ http://localhost:3000/_next/static/chunks/0loi_next_dist_125_q28._.js:2477
[  613060ms] [LOG]   Mesh         | "Cube_3" @ http://localhost:3000/_next/static/chunks/0loi_next_dist_125_q28._.js:2477
[  613061ms] [LOG]   Group        | "keys_phy" @ http://localhost:3000/_next/static/chunks/0loi_next_dist_125_q28._.js:2477
[  613061ms] [LOG]   Mesh         | "Cube004" @ http://localhost:3000/_next/static/chunks/0loi_next_dist_125_q28._.js:2477
[  613061ms] [LOG]   Mesh         | "Cube004_1" @ http://localhost:3000/_next/static/chunks/0loi_next_dist_125_q28._.js:2477
[  613061ms] [LOG]   Mesh         | "mold_1" @ http://localhost:3000/_next/static/chunks/0loi_next_dist_125_q28._.js:2477
[  613061ms] [LOG]   Mesh         | "mold_3" @ http://localhost:3000/_next/static/chunks/0loi_next_dist_125_q28._.js:2477
[  613061ms] [LOG]   Mesh         | "mold_3001" @ http://localhost:3000/_next/static/chunks/0loi_next_dist_125_q28._.js:2477
[  613061ms] [LOG]   Mesh         | "notification_led" @ http://localhost:3000/_next/static/chunks/0loi_next_dist_125_q28._.js:2477
[  613061ms] [LOG]   Mesh         | "powerbutton001" @ http://localhost:3000/_next/static/chunks/0loi_next_dist_125_q28._.js:2477
[  613061ms] [LOG]   Mesh         | "powerbutton" @ http://localhost:3000/_next/static/chunks/0loi_next_dist_125_q28._.js:2477
[  613062ms] [LOG]   Mesh         | "tufLogo" @ http://localhost:3000/_next/static/chunks/0loi_next_dist_125_q28._.js:2477
[  613062ms] [LOG]   Mesh         | "W" @ http://localhost:3000/_next/static/chunks/0loi_next_dist_125_q28._.js:2477
[  613062ms] [LOG]   Mesh         | "A" @ http://localhost:3000/_next/static/chunks/0loi_next_dist_125_q28._.js:2477
[  613062ms] [LOG]   Mesh         | "D" @ http://localhost:3000/_next/static/chunks/0loi_next_dist_125_q28._.js:2477
[  613062ms] [LOG]   Mesh         | "S" @ http://localhost:3000/_next/static/chunks/0loi_next_dist_125_q28._.js:2477
[  613062ms] [LOG]   Group        | "laptop_display" @ http://localhost:3000/_next/static/chunks/0loi_next_dist_125_q28._.js:2477
[  613062ms] [LOG]   Mesh         | "Cube001" @ http://localhost:3000/_next/static/chunks/0loi_next_dist_125_q28._.js:2477
[  613062ms] [LOG]   Mesh         | "Cube001_1" @ http://localhost:3000/_next/static/chunks/0loi_next_dist_125_q28._.js:2477
[  613063ms] [LOG]   Mesh         | "Cylinder" @ http://localhost:3000/_next/static/chunks/0loi_next_dist_125_q28._.js:2477
[  613063ms] [LOG]   Mesh         | "Cylinder001" @ http://localhost:3000/_next/static/chunks/0loi_next_dist_125_q28._.js:2477
[  613063ms] [LOG]   Mesh         | "Plane" @ http://localhost:3000/_next/static/chunks/0loi_next_dist_125_q28._.js:2477
[  613063ms] [LOG]   Mesh         | "tufLogo001" @ http://localhost:3000/_next/static/chunks/0loi_next_dist_125_q28._.js:2477
[  613063ms] [LOG]   Mesh         | "wallpaper" @ http://localhost:3000/_next/static/chunks/0loi_next_dist_125_q28._.js:2477
[  613063ms] [LOG]   Mesh         | "backlight" @ http://localhost:3000/_next/static/chunks/0loi_next_dist_125_q28._.js:2477
[  613063ms] [LOG] [Laptop] Screen texture wired to: wallpaper @ http://localhost:3000/_next/static/chunks/0loi_next_dist_125_q28._.js:2477
[  613063ms] [LOG] [Laptop] Mirror fix applied via texture repeat/offset mapping @ http://localhost:3000/_next/static/chunks/0loi_next_dist_125_q28._.js:2477
[  613291ms] [LOG] [Laptop] GLB world bbox size: 1.320 0.888 1.296 @ http://localhost:3000/_next/static/chunks/0loi_next_dist_125_q28._.js:2477
[  613291ms] [LOG] [Laptop] GLB world bbox center: -2.498 0.412 0.010 @ http://localhost:3000/_next/static/chunks/0loi_next_dist_125_q28._.js:2477
[  613292ms] [LOG] [Laptop] GLB world bbox size: 1.320 0.888 1.296 @ http://localhost:3000/_next/static/chunks/0loi_next_dist_125_q28._.js:2477
[  613292ms] [LOG] [Laptop] GLB world bbox center: -2.498 0.412 0.010 @ http://localhost:3000/_next/static/chunks/0loi_next_dist_125_q28._.js:2477
[  613296ms] [LOG] [Hardware] GLB size: 0.145 0.138 0.005 @ http://localhost:3000/_next/static/chunks/0loi_next_dist_125_q28._.js:2477
[  613296ms] [LOG] [Hardware] scaleFactor: 17.260 @ http://localhost:3000/_next/static/chunks/0loi_next_dist_125_q28._.js:2477
[  613297ms] [LOG] [Hardware] GLB size: 0.145 0.138 0.005 @ http://localhost:3000/_next/static/chunks/0loi_next_dist_125_q28._.js:2477
[  613297ms] [LOG] [Hardware] scaleFactor: 17.260 @ http://localhost:3000/_next/static/chunks/0loi_next_dist_125_q28._.js:2477
[  613310ms] [LOG]   Group        | "Scene" @ http://localhost:3000/_next/static/chunks/0loi_next_dist_125_q28._.js:2477
[  613310ms] [LOG]   Group        | "DECK" @ http://localhost:3000/_next/static/chunks/0loi_next_dist_125_q28._.js:2477
[  613311ms] [LOG]   Mesh         | "Cube" @ http://localhost:3000/_next/static/chunks/0loi_next_dist_125_q28._.js:2477
[  613311ms] [LOG]   Mesh         | "Cube_1" @ http://localhost:3000/_next/static/chunks/0loi_next_dist_125_q28._.js:2477
[  613311ms] [LOG]   Mesh         | "Cube_2" @ http://localhost:3000/_next/static/chunks/0loi_next_dist_125_q28._.js:2477
[  613311ms] [LOG]   Mesh         | "Cube_3" @ http://localhost:3000/_next/static/chunks/0loi_next_dist_125_q28._.js:2477
[  613311ms] [LOG]   Group        | "keys_phy" @ http://localhost:3000/_next/static/chunks/0loi_next_dist_125_q28._.js:2477
[  613311ms] [LOG]   Mesh         | "Cube004" @ http://localhost:3000/_next/static/chunks/0loi_next_dist_125_q28._.js:2477
[  613311ms] [LOG]   Mesh         | "Cube004_1" @ http://localhost:3000/_next/static/chunks/0loi_next_dist_125_q28._.js:2477
[  613311ms] [LOG]   Mesh         | "mold_1" @ http://localhost:3000/_next/static/chunks/0loi_next_dist_125_q28._.js:2477
[  613311ms] [LOG]   Mesh         | "mold_3" @ http://localhost:3000/_next/static/chunks/0loi_next_dist_125_q28._.js:2477
[  613312ms] [LOG]   Mesh         | "mold_3001" @ http://localhost:3000/_next/static/chunks/0loi_next_dist_125_q28._.js:2477
[  613312ms] [LOG]   Mesh         | "notification_led" @ http://localhost:3000/_next/static/chunks/0loi_next_dist_125_q28._.js:2477
[  613312ms] [LOG]   Mesh         | "powerbutton001" @ http://localhost:3000/_next/static/chunks/0loi_next_dist_125_q28._.js:2477
[  613312ms] [LOG]   Mesh         | "powerbutton" @ http://localhost:3000/_next/static/chunks/0loi_next_dist_125_q28._.js:2477
[  613312ms] [LOG]   Mesh         | "tufLogo" @ http://localhost:3000/_next/static/chunks/0loi_next_dist_125_q28._.js:2477
[  613312ms] [LOG]   Mesh         | "W" @ http://localhost:3000/_next/static/chunks/0loi_next_dist_125_q28._.js:2477
[  613312ms] [LOG]   Mesh         | "A" @ http://localhost:3000/_next/static/chunks/0loi_next_dist_125_q28._.js:2477
[  613312ms] [LOG]   Mesh         | "D" @ http://localhost:3000/_next/static/chunks/0loi_next_dist_125_q28._.js:2477
[  613312ms] [LOG]   Mesh         | "S" @ http://localhost:3000/_next/static/chunks/0loi_next_dist_125_q28._.js:2477
[  613312ms] [LOG]   Group        | "laptop_display" @ http://localhost:3000/_next/static/chunks/0loi_next_dist_125_q28._.js:2477
[  613312ms] [LOG]   Mesh         | "Cube001" @ http://localhost:3000/_next/static/chunks/0loi_next_dist_125_q28._.js:2477
[  613312ms] [LOG]   Mesh         | "Cube001_1" @ http://localhost:3000/_next/static/chunks/0loi_next_dist_125_q28._.js:2477
[  613313ms] [LOG]   Mesh         | "Cylinder" @ http://localhost:3000/_next/static/chunks/0loi_next_dist_125_q28._.js:2477
[  613313ms] [LOG]   Mesh         | "Cylinder001" @ http://localhost:3000/_next/static/chunks/0loi_next_dist_125_q28._.js:2477
[  613313ms] [LOG]   Mesh         | "Plane" @ http://localhost:3000/_next/static/chunks/0loi_next_dist_125_q28._.js:2477
[  613313ms] [LOG]   Mesh         | "tufLogo001" @ http://localhost:3000/_next/static/chunks/0loi_next_dist_125_q28._.js:2477
[  613313ms] [LOG]   Mesh         | "wallpaper" @ http://localhost:3000/_next/static/chunks/0loi_next_dist_125_q28._.js:2477
[  613313ms] [LOG]   Mesh         | "backlight" @ http://localhost:3000/_next/static/chunks/0loi_next_dist_125_q28._.js:2477
[  613313ms] [LOG] [Laptop] Screen texture wired to: wallpaper @ http://localhost:3000/_next/static/chunks/0loi_next_dist_125_q28._.js:2477
[  613313ms] [LOG] [Laptop] Mirror fix applied via texture repeat/offset mapping @ http://localhost:3000/_next/static/chunks/0loi_next_dist_125_q28._.js:2477
[  613785ms] [LOG] THREE.WebGLRenderer: Context Lost. @ http://localhost:3000/_next/static/chunks/0loi_next_dist_125_q28._.js:2477
[  614251ms] [WARNING] THREE.Clock: This module has been deprecated. Please use THREE.Timer instead. @ http://localhost:3000/_next/static/chunks/0loi_next_dist_125_q28._.js:2477
[  614297ms] [LOG] [Laptop] GLB world bbox size: 1.320 0.888 1.296 @ http://localhost:3000/_next/static/chunks/0loi_next_dist_125_q28._.js:2477
[  614298ms] [LOG] [Laptop] GLB world bbox center: -2.498 0.412 0.010 @ http://localhost:3000/_next/static/chunks/0loi_next_dist_125_q28._.js:2477
[  614298ms] [LOG] [Laptop] GLB world bbox size: 1.320 0.888 1.296 @ http://localhost:3000/_next/static/chunks/0loi_next_dist_125_q28._.js:2477
[  614299ms] [LOG] [Laptop] GLB world bbox center: -2.498 0.412 0.010 @ http://localhost:3000/_next/static/chunks/0loi_next_dist_125_q28._.js:2477
[  614310ms] [LOG] [Hardware] GLB size: 0.145 0.138 0.005 @ http://localhost:3000/_next/static/chunks/0loi_next_dist_125_q28._.js:2477
[  614310ms] [LOG] [Hardware] scaleFactor: 17.260 @ http://localhost:3000/_next/static/chunks/0loi_next_dist_125_q28._.js:2477
[  614310ms] [LOG] [Hardware] GLB size: 0.145 0.138 0.005 @ http://localhost:3000/_next/static/chunks/0loi_next_dist_125_q28._.js:2477
[  614310ms] [LOG] [Hardware] scaleFactor: 17.260 @ http://localhost:3000/_next/static/chunks/0loi_next_dist_125_q28._.js:2477
[  614329ms] [LOG]   Group        | "Scene" @ http://localhost:3000/_next/static/chunks/0loi_next_dist_125_q28._.js:2477
[  614329ms] [LOG]   Group        | "DECK" @ http://localhost:3000/_next/static/chunks/0loi_next_dist_125_q28._.js:2477
[  614329ms] [LOG]   Mesh         | "Cube" @ http://localhost:3000/_next/static/chunks/0loi_next_dist_125_q28._.js:2477
[  614330ms] [LOG]   Mesh         | "Cube_1" @ http://localhost:3000/_next/static/chunks/0loi_next_dist_125_q28._.js:2477
[  614330ms] [LOG]   Mesh         | "Cube_2" @ http://localhost:3000/_next/static/chunks/0loi_next_dist_125_q28._.js:2477
[  614330ms] [LOG]   Mesh         | "Cube_3" @ http://localhost:3000/_next/static/chunks/0loi_next_dist_125_q28._.js:2477
[  614330ms] [LOG]   Group        | "keys_phy" @ http://localhost:3000/_next/static/chunks/0loi_next_dist_125_q28._.js:2477
[  614331ms] [LOG]   Mesh         | "Cube004" @ http://localhost:3000/_next/static/chunks/0loi_next_dist_125_q28._.js:2477
[  614331ms] [LOG]   Mesh         | "Cube004_1" @ http://localhost:3000/_next/static/chunks/0loi_next_dist_125_q28._.js:2477
[  614331ms] [LOG]   Mesh         | "mold_1" @ http://localhost:3000/_next/static/chunks/0loi_next_dist_125_q28._.js:2477
[  614331ms] [LOG]   Mesh         | "mold_3" @ http://localhost:3000/_next/static/chunks/0loi_next_dist_125_q28._.js:2477
[  614332ms] [LOG]   Mesh         | "mold_3001" @ http://localhost:3000/_next/static/chunks/0loi_next_dist_125_q28._.js:2477
[  614332ms] [LOG]   Mesh         | "notification_led" @ http://localhost:3000/_next/static/chunks/0loi_next_dist_125_q28._.js:2477
[  614332ms] [LOG]   Mesh         | "powerbutton001" @ http://localhost:3000/_next/static/chunks/0loi_next_dist_125_q28._.js:2477
[  614332ms] [LOG]   Mesh         | "powerbutton" @ http://localhost:3000/_next/static/chunks/0loi_next_dist_125_q28._.js:2477
[  614333ms] [LOG]   Mesh         | "tufLogo" @ http://localhost:3000/_next/static/chunks/0loi_next_dist_125_q28._.js:2477
[  614333ms] [LOG]   Mesh         | "W" @ http://localhost:3000/_next/static/chunks/0loi_next_dist_125_q28._.js:2477
[  614333ms] [LOG]   Mesh         | "A" @ http://localhost:3000/_next/static/chunks/0loi_next_dist_125_q28._.js:2477
[  614333ms] [LOG]   Mesh         | "D" @ http://localhost:3000/_next/static/chunks/0loi_next_dist_125_q28._.js:2477
[  614333ms] [LOG]   Mesh         | "S" @ http://localhost:3000/_next/static/chunks/0loi_next_dist_125_q28._.js:2477
[  614334ms] [LOG]   Group        | "laptop_display" @ http://localhost:3000/_next/static/chunks/0loi_next_dist_125_q28._.js:2477
[  614334ms] [LOG]   Mesh         | "Cube001" @ http://localhost:3000/_next/static/chunks/0loi_next_dist_125_q28._.js:2477
[  614334ms] [LOG]   Mesh         | "Cube001_1" @ http://localhost:3000/_next/static/chunks/0loi_next_dist_125_q28._.js:2477
[  614334ms] [LOG]   Mesh         | "Cylinder" @ http://localhost:3000/_next/static/chunks/0loi_next_dist_125_q28._.js:2477
[  614334ms] [LOG]   Mesh         | "Cylinder001" @ http://localhost:3000/_next/static/chunks/0loi_next_dist_125_q28._.js:2477
[  614334ms] [LOG]   Mesh         | "Plane" @ http://localhost:3000/_next/static/chunks/0loi_next_dist_125_q28._.js:2477
[  614335ms] [LOG]   Mesh         | "tufLogo001" @ http://localhost:3000/_next/static/chunks/0loi_next_dist_125_q28._.js:2477
[  614335ms] [LOG]   Mesh         | "wallpaper" @ http://localhost:3000/_next/static/chunks/0loi_next_dist_125_q28._.js:2477
[  614336ms] [LOG]   Mesh         | "backlight" @ http://localhost:3000/_next/static/chunks/0loi_next_dist_125_q28._.js:2477
[  614336ms] [LOG] [Laptop] Screen texture wired to: wallpaper @ http://localhost:3000/_next/static/chunks/0loi_next_dist_125_q28._.js:2477
[  614336ms] [LOG] [Laptop] Mirror fix applied via texture repeat/offset mapping @ http://localhost:3000/_next/static/chunks/0loi_next_dist_125_q28._.js:2477
[  625442ms] [LOG] [Fast Refresh] rebuilding @ http://localhost:3000/_next/static/chunks/0loi_next_dist_125_q28._.js:2477
[  625520ms] [LOG] [Fast Refresh] done in 179ms @ http://localhost:3000/_next/static/chunks/0loi_next_dist_125_q28._.js:2477
[  656885ms] [LOG] [Fast Refresh] rebuilding @ http://localhost:3000/_next/static/chunks/0loi_next_dist_125_q28._.js:2477
[  656909ms] [LOG] [Fast Refresh] done in 121ms @ http://localhost:3000/_next/static/chunks/0loi_next_dist_125_q28._.js:2477
[  657042ms] [LOG] [Fast Refresh] rebuilding @ http://localhost:3000/_next/static/chunks/0loi_next_dist_125_q28._.js:2477
[  657102ms] [LOG] [Fast Refresh] done in 161ms @ http://localhost:3000/_next/static/chunks/0loi_next_dist_125_q28._.js:2477
[  665993ms] [LOG] [Fast Refresh] rebuilding @ http://localhost:3000/_next/static/chunks/0loi_next_dist_125_q28._.js:2477
[  666025ms] [LOG] [Fast Refresh] done in 136ms @ http://localhost:3000/_next/static/chunks/0loi_next_dist_125_q28._.js:2477
[  666161ms] [LOG] [Fast Refresh] rebuilding @ http://localhost:3000/_next/static/chunks/0loi_next_dist_125_q28._.js:2477
[  666179ms] [LOG] [Fast Refresh] done in 126ms @ http://localhost:3000/_next/static/chunks/0loi_next_dist_125_q28._.js:2477
[  675267ms] [LOG] [Fast Refresh] rebuilding @ http://localhost:3000/_next/static/chunks/0loi_next_dist_125_q28._.js:2477
[  675298ms] [LOG] [Fast Refresh] done in 126ms @ http://localhost:3000/_next/static/chunks/0loi_next_dist_125_q28._.js:2477
[  675427ms] [LOG] [Fast Refresh] rebuilding @ http://localhost:3000/_next/static/chunks/0loi_next_dist_125_q28._.js:2477
[  675481ms] [LOG] [Fast Refresh] done in 157ms @ http://localhost:3000/_next/static/chunks/0loi_next_dist_125_q28._.js:2477
[  684446ms] [LOG] [Fast Refresh] rebuilding @ http://localhost:3000/_next/static/chunks/0loi_next_dist_125_q28._.js:2477
[  684458ms] [LOG] [Fast Refresh] done in 107ms @ http://localhost:3000/_next/static/chunks/0loi_next_dist_125_q28._.js:2477
[  684584ms] [LOG] [Fast Refresh] rebuilding @ http://localhost:3000/_next/static/chunks/0loi_next_dist_125_q28._.js:2477
[  684609ms] [LOG] [Fast Refresh] done in 127ms @ http://localhost:3000/_next/static/chunks/0loi_next_dist_125_q28._.js:2477
[  703075ms] [LOG] [Fast Refresh] rebuilding @ http://localhost:3000/_next/static/chunks/0loi_next_dist_125_q28._.js:2477
[  703161ms] [LOG] [Fast Refresh] done in 190ms @ http://localhost:3000/_next/static/chunks/0loi_next_dist_125_q28._.js:2477
[  956558ms] [LOG] [Fast Refresh] rebuilding @ http://localhost:3000/_next/static/chunks/0loi_next_dist_125_q28._.js:2477
[  956745ms] [LOG] [Fast Refresh] done in 289ms @ http://localhost:3000/_next/static/chunks/0loi_next_dist_125_q28._.js:2477
[  956866ms] [INFO] %cDownload the React DevTools for a better development experience: https://react.dev/link/react-devtools font-weight:bold @ http://localhost:3000/_next/static/chunks/0loi_next_dist_125_q28._.js:2477
[  956901ms] [LOG] [HMR] connected @ http://localhost:3000/_next/static/chunks/0loi_next_dist_125_q28._.js:2477
[  957090ms] [WARNING] THREE.Clock: This module has been deprecated. Please use THREE.Timer instead. @ http://localhost:3000/_next/static/chunks/0loi_next_dist_125_q28._.js:2477
[  957476ms] [LOG] [Laptop] GLB world bbox size: 1.320 0.888 1.296 @ http://localhost:3000/_next/static/chunks/0loi_next_dist_125_q28._.js:2477
[  957476ms] [LOG] [Laptop] GLB world bbox center: -2.498 0.412 0.010 @ http://localhost:3000/_next/static/chunks/0loi_next_dist_125_q28._.js:2477
[  957476ms] [LOG] [Laptop] GLB world bbox size: 1.320 0.888 1.296 @ http://localhost:3000/_next/static/chunks/0loi_next_dist_125_q28._.js:2477
[  957476ms] [LOG] [Laptop] GLB world bbox center: -2.498 0.412 0.010 @ http://localhost:3000/_next/static/chunks/0loi_next_dist_125_q28._.js:2477
[  957514ms] [LOG] [Laptop] GLB world bbox size: 1.320 0.888 1.296 @ http://localhost:3000/_next/static/chunks/0loi_next_dist_125_q28._.js:2477
[  957514ms] [LOG] [Laptop] GLB world bbox center: -2.498 0.412 0.010 @ http://localhost:3000/_next/static/chunks/0loi_next_dist_125_q28._.js:2477
[  957514ms] [LOG] [Laptop] GLB world bbox size: 1.320 0.888 1.296 @ http://localhost:3000/_next/static/chunks/0loi_next_dist_125_q28._.js:2477
[  957514ms] [LOG] [Laptop] GLB world bbox center: -2.498 0.412 0.010 @ http://localhost:3000/_next/static/chunks/0loi_next_dist_125_q28._.js:2477
[  957516ms] [LOG] [Hardware] GLB size: 0.145 0.138 0.005 @ http://localhost:3000/_next/static/chunks/0loi_next_dist_125_q28._.js:2477
[  957516ms] [LOG] [Hardware] scaleFactor: 17.260 @ http://localhost:3000/_next/static/chunks/0loi_next_dist_125_q28._.js:2477
[  957516ms] [LOG] [Hardware] GLB size: 0.145 0.138 0.005 @ http://localhost:3000/_next/static/chunks/0loi_next_dist_125_q28._.js:2477
[  957517ms] [LOG] [Hardware] scaleFactor: 17.260 @ http://localhost:3000/_next/static/chunks/0loi_next_dist_125_q28._.js:2477
[  957664ms] [LOG]   Group        | "Scene" @ http://localhost:3000/_next/static/chunks/0loi_next_dist_125_q28._.js:2477
[  957664ms] [LOG]   Group        | "DECK" @ http://localhost:3000/_next/static/chunks/0loi_next_dist_125_q28._.js:2477
[  957664ms] [LOG]   Mesh         | "Cube" @ http://localhost:3000/_next/static/chunks/0loi_next_dist_125_q28._.js:2477
[  957665ms] [LOG]   Mesh         | "Cube_1" @ http://localhost:3000/_next/static/chunks/0loi_next_dist_125_q28._.js:2477
[  957665ms] [LOG]   Mesh         | "Cube_2" @ http://localhost:3000/_next/static/chunks/0loi_next_dist_125_q28._.js:2477
[  957665ms] [LOG]   Mesh         | "Cube_3" @ http://localhost:3000/_next/static/chunks/0loi_next_dist_125_q28._.js:2477
[  957665ms] [LOG]   Group        | "keys_phy" @ http://localhost:3000/_next/static/chunks/0loi_next_dist_125_q28._.js:2477
[  957665ms] [LOG]   Mesh         | "Cube004" @ http://localhost:3000/_next/static/chunks/0loi_next_dist_125_q28._.js:2477
[  957665ms] [LOG]   Mesh         | "Cube004_1" @ http://localhost:3000/_next/static/chunks/0loi_next_dist_125_q28._.js:2477
[  957665ms] [LOG]   Mesh         | "mold_1" @ http://localhost:3000/_next/static/chunks/0loi_next_dist_125_q28._.js:2477
[  957665ms] [LOG]   Mesh         | "mold_3" @ http://localhost:3000/_next/static/chunks/0loi_next_dist_125_q28._.js:2477
[  957665ms] [LOG]   Mesh         | "mold_3001" @ http://localhost:3000/_next/static/chunks/0loi_next_dist_125_q28._.js:2477
[  957665ms] [LOG]   Mesh         | "notification_led" @ http://localhost:3000/_next/static/chunks/0loi_next_dist_125_q28._.js:2477
[  957665ms] [LOG]   Mesh         | "powerbutton001" @ http://localhost:3000/_next/static/chunks/0loi_next_dist_125_q28._.js:2477
[  957665ms] [LOG]   Mesh         | "powerbutton" @ http://localhost:3000/_next/static/chunks/0loi_next_dist_125_q28._.js:2477
[  957665ms] [LOG]   Mesh         | "tufLogo" @ http://localhost:3000/_next/static/chunks/0loi_next_dist_125_q28._.js:2477
[  957665ms] [LOG]   Mesh         | "W" @ http://localhost:3000/_next/static/chunks/0loi_next_dist_125_q28._.js:2477
[  957665ms] [LOG]   Mesh         | "A" @ http://localhost:3000/_next/static/chunks/0loi_next_dist_125_q28._.js:2477
[  957665ms] [LOG]   Mesh         | "D" @ http://localhost:3000/_next/static/chunks/0loi_next_dist_125_q28._.js:2477
[  957665ms] [LOG]   Mesh         | "S" @ http://localhost:3000/_next/static/chunks/0loi_next_dist_125_q28._.js:2477
[  957665ms] [LOG]   Group        | "laptop_display" @ http://localhost:3000/_next/static/chunks/0loi_next_dist_125_q28._.js:2477
[  957665ms] [LOG]   Mesh         | "Cube001" @ http://localhost:3000/_next/static/chunks/0loi_next_dist_125_q28._.js:2477
[  957665ms] [LOG]   Mesh         | "Cube001_1" @ http://localhost:3000/_next/static/chunks/0loi_next_dist_125_q28._.js:2477
[  957665ms] [LOG]   Mesh         | "Cylinder" @ http://localhost:3000/_next/static/chunks/0loi_next_dist_125_q28._.js:2477
[  957665ms] [LOG]   Mesh         | "Cylinder001" @ http://localhost:3000/_next/static/chunks/0loi_next_dist_125_q28._.js:2477
[  957665ms] [LOG]   Mesh         | "Plane" @ http://localhost:3000/_next/static/chunks/0loi_next_dist_125_q28._.js:2477
[  957665ms] [LOG]   Mesh         | "tufLogo001" @ http://localhost:3000/_next/static/chunks/0loi_next_dist_125_q28._.js:2477
[  957666ms] [LOG]   Mesh         | "wallpaper" @ http://localhost:3000/_next/static/chunks/0loi_next_dist_125_q28._.js:2477
[  957666ms] [LOG]   Mesh         | "backlight" @ http://localhost:3000/_next/static/chunks/0loi_next_dist_125_q28._.js:2477
[  957666ms] [LOG] [Laptop] Screen texture wired to: wallpaper @ http://localhost:3000/_next/static/chunks/0loi_next_dist_125_q28._.js:2477
[  957666ms] [LOG] [Laptop] Mirror fix applied via texture repeat/offset mapping @ http://localhost:3000/_next/static/chunks/0loi_next_dist_125_q28._.js:2477
[  957886ms] [LOG] [Laptop] GLB world bbox size: 1.320 0.888 1.296 @ http://localhost:3000/_next/static/chunks/0loi_next_dist_125_q28._.js:2477
[  957886ms] [LOG] [Laptop] GLB world bbox center: -2.498 0.412 0.010 @ http://localhost:3000/_next/static/chunks/0loi_next_dist_125_q28._.js:2477
[  957887ms] [LOG] [Laptop] GLB world bbox size: 1.320 0.888 1.296 @ http://localhost:3000/_next/static/chunks/0loi_next_dist_125_q28._.js:2477
[  957887ms] [LOG] [Laptop] GLB world bbox center: -2.498 0.412 0.010 @ http://localhost:3000/_next/static/chunks/0loi_next_dist_125_q28._.js:2477
[  957888ms] [LOG] [Hardware] GLB size: 0.145 0.138 0.005 @ http://localhost:3000/_next/static/chunks/0loi_next_dist_125_q28._.js:2477
[  957888ms] [LOG] [Hardware] scaleFactor: 17.260 @ http://localhost:3000/_next/static/chunks/0loi_next_dist_125_q28._.js:2477
[  957888ms] [LOG] [Hardware] GLB size: 0.145 0.138 0.005 @ http://localhost:3000/_next/static/chunks/0loi_next_dist_125_q28._.js:2477
[  957889ms] [LOG] [Hardware] scaleFactor: 17.260 @ http://localhost:3000/_next/static/chunks/0loi_next_dist_125_q28._.js:2477
[  957896ms] [LOG]   Group        | "Scene" @ http://localhost:3000/_next/static/chunks/0loi_next_dist_125_q28._.js:2477
[  957896ms] [LOG]   Group        | "DECK" @ http://localhost:3000/_next/static/chunks/0loi_next_dist_125_q28._.js:2477
[  957896ms] [LOG]   Mesh         | "Cube" @ http://localhost:3000/_next/static/chunks/0loi_next_dist_125_q28._.js:2477
[  957896ms] [LOG]   Mesh         | "Cube_1" @ http://localhost:3000/_next/static/chunks/0loi_next_dist_125_q28._.js:2477
[  957896ms] [LOG]   Mesh         | "Cube_2" @ http://localhost:3000/_next/static/chunks/0loi_next_dist_125_q28._.js:2477
[  957896ms] [LOG]   Mesh         | "Cube_3" @ http://localhost:3000/_next/static/chunks/0loi_next_dist_125_q28._.js:2477
[  957897ms] [LOG]   Group        | "keys_phy" @ http://localhost:3000/_next/static/chunks/0loi_next_dist_125_q28._.js:2477
[  957897ms] [LOG]   Mesh         | "Cube004" @ http://localhost:3000/_next/static/chunks/0loi_next_dist_125_q28._.js:2477
[  957897ms] [LOG]   Mesh         | "Cube004_1" @ http://localhost:3000/_next/static/chunks/0loi_next_dist_125_q28._.js:2477
[  957897ms] [LOG]   Mesh         | "mold_1" @ http://localhost:3000/_next/static/chunks/0loi_next_dist_125_q28._.js:2477
[  957897ms] [LOG]   Mesh         | "mold_3" @ http://localhost:3000/_next/static/chunks/0loi_next_dist_125_q28._.js:2477
[  957897ms] [LOG]   Mesh         | "mold_3001" @ http://localhost:3000/_next/static/chunks/0loi_next_dist_125_q28._.js:2477
[  957897ms] [LOG]   Mesh         | "notification_led" @ http://localhost:3000/_next/static/chunks/0loi_next_dist_125_q28._.js:2477
[  957897ms] [LOG]   Mesh         | "powerbutton001" @ http://localhost:3000/_next/static/chunks/0loi_next_dist_125_q28._.js:2477
[  957897ms] [LOG]   Mesh         | "powerbutton" @ http://localhost:3000/_next/static/chunks/0loi_next_dist_125_q28._.js:2477
[  957897ms] [LOG]   Mesh         | "tufLogo" @ http://localhost:3000/_next/static/chunks/0loi_next_dist_125_q28._.js:2477
[  957897ms] [LOG]   Mesh         | "W" @ http://localhost:3000/_next/static/chunks/0loi_next_dist_125_q28._.js:2477
[  957897ms] [LOG]   Mesh         | "A" @ http://localhost:3000/_next/static/chunks/0loi_next_dist_125_q28._.js:2477
[  957897ms] [LOG]   Mesh         | "D" @ http://localhost:3000/_next/static/chunks/0loi_next_dist_125_q28._.js:2477
[  957897ms] [LOG]   Mesh         | "S" @ http://localhost:3000/_next/static/chunks/0loi_next_dist_125_q28._.js:2477
[  957898ms] [LOG]   Group        | "laptop_display" @ http://localhost:3000/_next/static/chunks/0loi_next_dist_125_q28._.js:2477
[  957898ms] [LOG]   Mesh         | "Cube001" @ http://localhost:3000/_next/static/chunks/0loi_next_dist_125_q28._.js:2477
[  957898ms] [LOG]   Mesh         | "Cube001_1" @ http://localhost:3000/_next/static/chunks/0loi_next_dist_125_q28._.js:2477
[  957898ms] [LOG]   Mesh         | "Cylinder" @ http://localhost:3000/_next/static/chunks/0loi_next_dist_125_q28._.js:2477
[  957898ms] [LOG]   Mesh         | "Cylinder001" @ http://localhost:3000/_next/static/chunks/0loi_next_dist_125_q28._.js:2477
[  957898ms] [LOG]   Mesh         | "Plane" @ http://localhost:3000/_next/static/chunks/0loi_next_dist_125_q28._.js:2477
[  957898ms] [LOG]   Mesh         | "tufLogo001" @ http://localhost:3000/_next/static/chunks/0loi_next_dist_125_q28._.js:2477
[  957898ms] [LOG]   Mesh         | "wallpaper" @ http://localhost:3000/_next/static/chunks/0loi_next_dist_125_q28._.js:2477
[  957898ms] [LOG]   Mesh         | "backlight" @ http://localhost:3000/_next/static/chunks/0loi_next_dist_125_q28._.js:2477
[  957898ms] [LOG] [Laptop] Screen texture wired to: wallpaper @ http://localhost:3000/_next/static/chunks/0loi_next_dist_125_q28._.js:2477
[  957898ms] [LOG] [Laptop] Mirror fix applied via texture repeat/offset mapping @ http://localhost:3000/_next/static/chunks/0loi_next_dist_125_q28._.js:2477
[  958374ms] [LOG] THREE.WebGLRenderer: Context Lost. @ http://localhost:3000/_next/static/chunks/0loi_next_dist_125_q28._.js:2477
[  958843ms] [WARNING] THREE.Clock: This module has been deprecated. Please use THREE.Timer instead. @ http://localhost:3000/_next/static/chunks/0loi_next_dist_125_q28._.js:2477
[  959016ms] [LOG] [Laptop] GLB world bbox size: 1.320 0.888 1.296 @ http://localhost:3000/_next/static/chunks/0loi_next_dist_125_q28._.js:2477
[  959016ms] [LOG] [Laptop] GLB world bbox center: -2.498 0.412 0.010 @ http://localhost:3000/_next/static/chunks/0loi_next_dist_125_q28._.js:2477
[  959016ms] [LOG] [Laptop] GLB world bbox size: 1.320 0.888 1.296 @ http://localhost:3000/_next/static/chunks/0loi_next_dist_125_q28._.js:2477
[  959016ms] [LOG] [Laptop] GLB world bbox center: -2.498 0.412 0.010 @ http://localhost:3000/_next/static/chunks/0loi_next_dist_125_q28._.js:2477
[  959019ms] [LOG] [Hardware] GLB size: 0.145 0.138 0.005 @ http://localhost:3000/_next/static/chunks/0loi_next_dist_125_q28._.js:2477
[  959019ms] [LOG] [Hardware] scaleFactor: 17.260 @ http://localhost:3000/_next/static/chunks/0loi_next_dist_125_q28._.js:2477
[  959019ms] [LOG] [Hardware] GLB size: 0.145 0.138 0.005 @ http://localhost:3000/_next/static/chunks/0loi_next_dist_125_q28._.js:2477
[  959019ms] [LOG] [Hardware] scaleFactor: 17.260 @ http://localhost:3000/_next/static/chunks/0loi_next_dist_125_q28._.js:2477
[  959033ms] [LOG]   Group        | "Scene" @ http://localhost:3000/_next/static/chunks/0loi_next_dist_125_q28._.js:2477
[  959033ms] [LOG]   Group        | "DECK" @ http://localhost:3000/_next/static/chunks/0loi_next_dist_125_q28._.js:2477
[  959033ms] [LOG]   Mesh         | "Cube" @ http://localhost:3000/_next/static/chunks/0loi_next_dist_125_q28._.js:2477
[  959034ms] [LOG]   Mesh         | "Cube_1" @ http://localhost:3000/_next/static/chunks/0loi_next_dist_125_q28._.js:2477
[  959034ms] [LOG]   Mesh         | "Cube_2" @ http://localhost:3000/_next/static/chunks/0loi_next_dist_125_q28._.js:2477
[  959034ms] [LOG]   Mesh         | "Cube_3" @ http://localhost:3000/_next/static/chunks/0loi_next_dist_125_q28._.js:2477
[  959034ms] [LOG]   Group        | "keys_phy" @ http://localhost:3000/_next/static/chunks/0loi_next_dist_125_q28._.js:2477
[  959034ms] [LOG]   Mesh         | "Cube004" @ http://localhost:3000/_next/static/chunks/0loi_next_dist_125_q28._.js:2477
[  959034ms] [LOG]   Mesh         | "Cube004_1" @ http://localhost:3000/_next/static/chunks/0loi_next_dist_125_q28._.js:2477
[  959034ms] [LOG]   Mesh         | "mold_1" @ http://localhost:3000/_next/static/chunks/0loi_next_dist_125_q28._.js:2477
[  959035ms] [LOG]   Mesh         | "mold_3" @ http://localhost:3000/_next/static/chunks/0loi_next_dist_125_q28._.js:2477
[  959035ms] [LOG]   Mesh         | "mold_3001" @ http://localhost:3000/_next/static/chunks/0loi_next_dist_125_q28._.js:2477
[  959035ms] [LOG]   Mesh         | "notification_led" @ http://localhost:3000/_next/static/chunks/0loi_next_dist_125_q28._.js:2477
[  959035ms] [LOG]   Mesh         | "powerbutton001" @ http://localhost:3000/_next/static/chunks/0loi_next_dist_125_q28._.js:2477
[  959035ms] [LOG]   Mesh         | "powerbutton" @ http://localhost:3000/_next/static/chunks/0loi_next_dist_125_q28._.js:2477
[  959035ms] [LOG]   Mesh         | "tufLogo" @ http://localhost:3000/_next/static/chunks/0loi_next_dist_125_q28._.js:2477
[  959036ms] [LOG]   Mesh         | "W" @ http://localhost:3000/_next/static/chunks/0loi_next_dist_125_q28._.js:2477
[  959036ms] [LOG]   Mesh         | "A" @ http://localhost:3000/_next/static/chunks/0loi_next_dist_125_q28._.js:2477
[  959036ms] [LOG]   Mesh         | "D" @ http://localhost:3000/_next/static/chunks/0loi_next_dist_125_q28._.js:2477
[  959036ms] [LOG]   Mesh         | "S" @ http://localhost:3000/_next/static/chunks/0loi_next_dist_125_q28._.js:2477
[  959036ms] [LOG]   Group        | "laptop_display" @ http://localhost:3000/_next/static/chunks/0loi_next_dist_125_q28._.js:2477
[  959036ms] [LOG]   Mesh         | "Cube001" @ http://localhost:3000/_next/static/chunks/0loi_next_dist_125_q28._.js:2477
[  959037ms] [LOG]   Mesh         | "Cube001_1" @ http://localhost:3000/_next/static/chunks/0loi_next_dist_125_q28._.js:2477
[  959037ms] [LOG]   Mesh         | "Cylinder" @ http://localhost:3000/_next/static/chunks/0loi_next_dist_125_q28._.js:2477
[  959037ms] [LOG]   Mesh         | "Cylinder001" @ http://localhost:3000/_next/static/chunks/0loi_next_dist_125_q28._.js:2477
[  959037ms] [LOG]   Mesh         | "Plane" @ http://localhost:3000/_next/static/chunks/0loi_next_dist_125_q28._.js:2477
[  959037ms] [LOG]   Mesh         | "tufLogo001" @ http://localhost:3000/_next/static/chunks/0loi_next_dist_125_q28._.js:2477
[  959037ms] [LOG]   Mesh         | "wallpaper" @ http://localhost:3000/_next/static/chunks/0loi_next_dist_125_q28._.js:2477
[  959037ms] [LOG]   Mesh         | "backlight" @ http://localhost:3000/_next/static/chunks/0loi_next_dist_125_q28._.js:2477
[  959038ms] [LOG] [Laptop] Screen texture wired to: wallpaper @ http://localhost:3000/_next/static/chunks/0loi_next_dist_125_q28._.js:2477
[  959038ms] [LOG] [Laptop] Mirror fix applied via texture repeat/offset mapping @ http://localhost:3000/_next/static/chunks/0loi_next_dist_125_q28._.js:2477
[ 1174821ms] [LOG] [Fast Refresh] rebuilding @ http://localhost:3000/_next/static/chunks/0loi_next_dist_125_q28._.js:2477
[ 1175280ms] [LOG] [Fast Refresh] done in 508ms @ http://localhost:3000/_next/static/chunks/0loi_next_dist_125_q28._.js:2477
[ 1175414ms] [LOG] [Fast Refresh] rebuilding @ http://localhost:3000/_next/static/chunks/0loi_next_dist_125_q28._.js:2477
[ 1175675ms] [LOG] [Fast Refresh] done in 364ms @ http://localhost:3000/_next/static/chunks/0loi_next_dist_125_q28._.js:2477
[ 1175875ms] [LOG] THREE.WebGLRenderer: Context Lost. @ http://localhost:3000/_next/static/chunks/0loi_next_dist_125_q28._.js:2477
[ 1176360ms] [WARNING] THREE.Clock: This module has been deprecated. Please use THREE.Timer instead. @ http://localhost:3000/_next/static/chunks/0loi_next_dist_125_q28._.js:2477
[ 1176454ms] [LOG] [Laptop] GLB world bbox size: 1.320 0.888 1.296 @ http://localhost:3000/_next/static/chunks/0loi_next_dist_125_q28._.js:2477
[ 1176454ms] [LOG] [Laptop] GLB world bbox center: -2.498 0.412 0.010 @ http://localhost:3000/_next/static/chunks/0loi_next_dist_125_q28._.js:2477
[ 1176455ms] [LOG] [Laptop] GLB world bbox size: 1.320 0.888 1.296 @ http://localhost:3000/_next/static/chunks/0loi_next_dist_125_q28._.js:2477
[ 1176455ms] [LOG] [Laptop] GLB world bbox center: -2.498 0.412 0.010 @ http://localhost:3000/_next/static/chunks/0loi_next_dist_125_q28._.js:2477
[ 1176458ms] [LOG] [Hardware] GLB size: 0.145 0.138 0.005 @ http://localhost:3000/_next/static/chunks/0loi_next_dist_125_q28._.js:2477
[ 1176459ms] [LOG] [Hardware] scaleFactor: 17.260 @ http://localhost:3000/_next/static/chunks/0loi_next_dist_125_q28._.js:2477
[ 1176459ms] [LOG] [Hardware] GLB size: 0.145 0.138 0.005 @ http://localhost:3000/_next/static/chunks/0loi_next_dist_125_q28._.js:2477
[ 1176460ms] [LOG] [Hardware] scaleFactor: 17.260 @ http://localhost:3000/_next/static/chunks/0loi_next_dist_125_q28._.js:2477
[ 1176491ms] [LOG]   Group        | "Scene" @ http://localhost:3000/_next/static/chunks/0loi_next_dist_125_q28._.js:2477
[ 1176491ms] [LOG]   Group        | "DECK" @ http://localhost:3000/_next/static/chunks/0loi_next_dist_125_q28._.js:2477
[ 1176491ms] [LOG]   Mesh         | "Cube" @ http://localhost:3000/_next/static/chunks/0loi_next_dist_125_q28._.js:2477
[ 1176491ms] [LOG]   Mesh         | "Cube_1" @ http://localhost:3000/_next/static/chunks/0loi_next_dist_125_q28._.js:2477
[ 1176491ms] [LOG]   Mesh         | "Cube_2" @ http://localhost:3000/_next/static/chunks/0loi_next_dist_125_q28._.js:2477
[ 1176491ms] [LOG]   Mesh         | "Cube_3" @ http://localhost:3000/_next/static/chunks/0loi_next_dist_125_q28._.js:2477
[ 1176491ms] [LOG]   Group        | "keys_phy" @ http://localhost:3000/_next/static/chunks/0loi_next_dist_125_q28._.js:2477
[ 1176492ms] [LOG]   Mesh         | "Cube004" @ http://localhost:3000/_next/static/chunks/0loi_next_dist_125_q28._.js:2477
[ 1176492ms] [LOG]   Mesh         | "Cube004_1" @ http://localhost:3000/_next/static/chunks/0loi_next_dist_125_q28._.js:2477
[ 1176492ms] [LOG]   Mesh         | "mold_1" @ http://localhost:3000/_next/static/chunks/0loi_next_dist_125_q28._.js:2477
[ 1176492ms] [LOG]   Mesh         | "mold_3" @ http://localhost:3000/_next/static/chunks/0loi_next_dist_125_q28._.js:2477
[ 1176492ms] [LOG]   Mesh         | "mold_3001" @ http://localhost:3000/_next/static/chunks/0loi_next_dist_125_q28._.js:2477
[ 1176492ms] [LOG]   Mesh         | "notification_led" @ http://localhost:3000/_next/static/chunks/0loi_next_dist_125_q28._.js:2477
[ 1176493ms] [LOG]   Mesh         | "powerbutton001" @ http://localhost:3000/_next/static/chunks/0loi_next_dist_125_q28._.js:2477
[ 1176493ms] [LOG]   Mesh         | "powerbutton" @ http://localhost:3000/_next/static/chunks/0loi_next_dist_125_q28._.js:2477
[ 1176493ms] [LOG]   Mesh         | "tufLogo" @ http://localhost:3000/_next/static/chunks/0loi_next_dist_125_q28._.js:2477
[ 1176493ms] [LOG]   Mesh         | "W" @ http://localhost:3000/_next/static/chunks/0loi_next_dist_125_q28._.js:2477
[ 1176493ms] [LOG]   Mesh         | "A" @ http://localhost:3000/_next/static/chunks/0loi_next_dist_125_q28._.js:2477
[ 1176493ms] [LOG]   Mesh         | "D" @ http://localhost:3000/_next/static/chunks/0loi_next_dist_125_q28._.js:2477
[ 1176494ms] [LOG]   Mesh         | "S" @ http://localhost:3000/_next/static/chunks/0loi_next_dist_125_q28._.js:2477
[ 1176494ms] [LOG]   Group        | "laptop_display" @ http://localhost:3000/_next/static/chunks/0loi_next_dist_125_q28._.js:2477
[ 1176494ms] [LOG]   Mesh         | "Cube001" @ http://localhost:3000/_next/static/chunks/0loi_next_dist_125_q28._.js:2477
[ 1176494ms] [LOG]   Mesh         | "Cube001_1" @ http://localhost:3000/_next/static/chunks/0loi_next_dist_125_q28._.js:2477
[ 1176494ms] [LOG]   Mesh         | "Cylinder" @ http://localhost:3000/_next/static/chunks/0loi_next_dist_125_q28._.js:2477
[ 1176494ms] [LOG]   Mesh         | "Cylinder001" @ http://localhost:3000/_next/static/chunks/0loi_next_dist_125_q28._.js:2477
[ 1176495ms] [LOG]   Mesh         | "Plane" @ http://localhost:3000/_next/static/chunks/0loi_next_dist_125_q28._.js:2477
[ 1176495ms] [LOG]   Mesh         | "tufLogo001" @ http://localhost:3000/_next/static/chunks/0loi_next_dist_125_q28._.js:2477
[ 1176495ms] [LOG]   Mesh         | "wallpaper" @ http://localhost:3000/_next/static/chunks/0loi_next_dist_125_q28._.js:2477
[ 1176495ms] [LOG]   Mesh         | "backlight" @ http://localhost:3000/_next/static/chunks/0loi_next_dist_125_q28._.js:2477
[ 1176496ms] [LOG] [Laptop] Screen texture wired to: wallpaper @ http://localhost:3000/_next/static/chunks/0loi_next_dist_125_q28._.js:2477
[ 1176496ms] [LOG] [Laptop] Mirror fix applied via texture repeat/offset mapping @ http://localhost:3000/_next/static/chunks/0loi_next_dist_125_q28._.js:2477
[ 1189524ms] [LOG] [Fast Refresh] rebuilding @ http://localhost:3000/_next/static/chunks/0loi_next_dist_125_q28._.js:2477
[ 1189793ms] [LOG] [Fast Refresh] done in 307ms @ http://localhost:3000/_next/static/chunks/0loi_next_dist_125_q28._.js:2477
[ 1189907ms] [LOG] [Fast Refresh] rebuilding @ http://localhost:3000/_next/static/chunks/0loi_next_dist_125_q28._.js:2477
[ 1190181ms] [LOG] [Fast Refresh] done in 378ms @ http://localhost:3000/_next/static/chunks/0loi_next_dist_125_q28._.js:2477
[ 1190381ms] [LOG] THREE.WebGLRenderer: Context Lost. @ http://localhost:3000/_next/static/chunks/0loi_next_dist_125_q28._.js:2477
[ 1190860ms] [WARNING] THREE.Clock: This module has been deprecated. Please use THREE.Timer instead. @ http://localhost:3000/_next/static/chunks/0loi_next_dist_125_q28._.js:2477
[ 1190970ms] [LOG] [Laptop] GLB world bbox size: 1.320 0.888 1.296 @ http://localhost:3000/_next/static/chunks/0loi_next_dist_125_q28._.js:2477
[ 1190971ms] [LOG] [Laptop] GLB world bbox center: -2.498 0.412 0.010 @ http://localhost:3000/_next/static/chunks/0loi_next_dist_125_q28._.js:2477
[ 1190971ms] [LOG] [Laptop] GLB world bbox size: 1.320 0.888 1.296 @ http://localhost:3000/_next/static/chunks/0loi_next_dist_125_q28._.js:2477
[ 1190972ms] [LOG] [Laptop] GLB world bbox center: -2.498 0.412 0.010 @ http://localhost:3000/_next/static/chunks/0loi_next_dist_125_q28._.js:2477
[ 1190977ms] [LOG] [Hardware] GLB size: 0.145 0.138 0.005 @ http://localhost:3000/_next/static/chunks/0loi_next_dist_125_q28._.js:2477
[ 1190977ms] [LOG] [Hardware] scaleFactor: 17.260 @ http://localhost:3000/_next/static/chunks/0loi_next_dist_125_q28._.js:2477
[ 1190978ms] [LOG] [Hardware] GLB size: 0.145 0.138 0.005 @ http://localhost:3000/_next/static/chunks/0loi_next_dist_125_q28._.js:2477
[ 1190978ms] [LOG] [Hardware] scaleFactor: 17.260 @ http://localhost:3000/_next/static/chunks/0loi_next_dist_125_q28._.js:2477
[ 1190999ms] [LOG]   Group        | "Scene" @ http://localhost:3000/_next/static/chunks/0loi_next_dist_125_q28._.js:2477
[ 1190999ms] [LOG]   Group        | "DECK" @ http://localhost:3000/_next/static/chunks/0loi_next_dist_125_q28._.js:2477
[ 1190999ms] [LOG]   Mesh         | "Cube" @ http://localhost:3000/_next/static/chunks/0loi_next_dist_125_q28._.js:2477
[ 1190999ms] [LOG]   Mesh         | "Cube_1" @ http://localhost:3000/_next/static/chunks/0loi_next_dist_125_q28._.js:2477
[ 1191000ms] [LOG]   Mesh         | "Cube_2" @ http://localhost:3000/_next/static/chunks/0loi_next_dist_125_q28._.js:2477
[ 1191000ms] [LOG]   Mesh         | "Cube_3" @ http://localhost:3000/_next/static/chunks/0loi_next_dist_125_q28._.js:2477
[ 1191000ms] [LOG]   Group        | "keys_phy" @ http://localhost:3000/_next/static/chunks/0loi_next_dist_125_q28._.js:2477
[ 1191000ms] [LOG]   Mesh         | "Cube004" @ http://localhost:3000/_next/static/chunks/0loi_next_dist_125_q28._.js:2477
[ 1191000ms] [LOG]   Mesh         | "Cube004_1" @ http://localhost:3000/_next/static/chunks/0loi_next_dist_125_q28._.js:2477
[ 1191001ms] [LOG]   Mesh         | "mold_1" @ http://localhost:3000/_next/static/chunks/0loi_next_dist_125_q28._.js:2477
[ 1191001ms] [LOG]   Mesh         | "mold_3" @ http://localhost:3000/_next/static/chunks/0loi_next_dist_125_q28._.js:2477
[ 1191001ms] [LOG]   Mesh         | "mold_3001" @ http://localhost:3000/_next/static/chunks/0loi_next_dist_125_q28._.js:2477
[ 1191001ms] [LOG]   Mesh         | "notification_led" @ http://localhost:3000/_next/static/chunks/0loi_next_dist_125_q28._.js:2477
[ 1191001ms] [LOG]   Mesh         | "powerbutton001" @ http://localhost:3000/_next/static/chunks/0loi_next_dist_125_q28._.js:2477
[ 1191001ms] [LOG]   Mesh         | "powerbutton" @ http://localhost:3000/_next/static/chunks/0loi_next_dist_125_q28._.js:2477
[ 1191002ms] [LOG]   Mesh         | "tufLogo" @ http://localhost:3000/_next/static/chunks/0loi_next_dist_125_q28._.js:2477
[ 1191002ms] [LOG]   Mesh         | "W" @ http://localhost:3000/_next/static/chunks/0loi_next_dist_125_q28._.js:2477
[ 1191002ms] [LOG]   Mesh         | "A" @ http://localhost:3000/_next/static/chunks/0loi_next_dist_125_q28._.js:2477
[ 1191002ms] [LOG]   Mesh         | "D" @ http://localhost:3000/_next/static/chunks/0loi_next_dist_125_q28._.js:2477
[ 1191003ms] [LOG]   Mesh         | "S" @ http://localhost:3000/_next/static/chunks/0loi_next_dist_125_q28._.js:2477
[ 1191003ms] [LOG]   Group        | "laptop_display" @ http://localhost:3000/_next/static/chunks/0loi_next_dist_125_q28._.js:2477
[ 1191003ms] [LOG]   Mesh         | "Cube001" @ http://localhost:3000/_next/static/chunks/0loi_next_dist_125_q28._.js:2477
[ 1191003ms] [LOG]   Mesh         | "Cube001_1" @ http://localhost:3000/_next/static/chunks/0loi_next_dist_125_q28._.js:2477
[ 1191004ms] [LOG]   Mesh         | "Cylinder" @ http://localhost:3000/_next/static/chunks/0loi_next_dist_125_q28._.js:2477
[ 1191004ms] [LOG]   Mesh         | "Cylinder001" @ http://localhost:3000/_next/static/chunks/0loi_next_dist_125_q28._.js:2477
[ 1191004ms] [LOG]   Mesh         | "Plane" @ http://localhost:3000/_next/static/chunks/0loi_next_dist_125_q28._.js:2477
[ 1191004ms] [LOG]   Mesh         | "tufLogo001" @ http://localhost:3000/_next/static/chunks/0loi_next_dist_125_q28._.js:2477
[ 1191004ms] [LOG]   Mesh         | "wallpaper" @ http://localhost:3000/_next/static/chunks/0loi_next_dist_125_q28._.js:2477
[ 1191005ms] [LOG]   Mesh         | "backlight" @ http://localhost:3000/_next/static/chunks/0loi_next_dist_125_q28._.js:2477
[ 1191005ms] [LOG] [Laptop] Screen texture wired to: wallpaper @ http://localhost:3000/_next/static/chunks/0loi_next_dist_125_q28._.js:2477
[ 1191006ms] [LOG] [Laptop] Mirror fix applied via texture repeat/offset mapping @ http://localhost:3000/_next/static/chunks/0loi_next_dist_125_q28._.js:2477
[ 1219594ms] [LOG] [Fast Refresh] rebuilding @ http://localhost:3000/_next/static/chunks/0loi_next_dist_125_q28._.js:2477
[ 1219965ms] [LOG] [Fast Refresh] done in 407ms @ http://localhost:3000/_next/static/chunks/0loi_next_dist_125_q28._.js:2477
[ 1239823ms] [LOG] [Fast Refresh] rebuilding @ http://localhost:3000/_next/static/chunks/0loi_next_dist_125_q28._.js:2477
[ 1239968ms] [LOG] [Fast Refresh] done in 206ms @ http://localhost:3000/_next/static/chunks/0loi_next_dist_125_q28._.js:2477
[ 1240078ms] [LOG] [Fast Refresh] rebuilding @ http://localhost:3000/_next/static/chunks/0loi_next_dist_125_q28._.js:2477
[ 1240308ms] [LOG] [Fast Refresh] done in 330ms @ http://localhost:3000/_next/static/chunks/0loi_next_dist_125_q28._.js:2477
[ 1240524ms] [LOG] THREE.WebGLRenderer: Context Lost. @ http://localhost:3000/_next/static/chunks/0loi_next_dist_125_q28._.js:2477
[ 1240998ms] [WARNING] THREE.Clock: This module has been deprecated. Please use THREE.Timer instead. @ http://localhost:3000/_next/static/chunks/0loi_next_dist_125_q28._.js:2477
[ 1241196ms] [LOG] [Laptop] GLB world bbox size: 1.320 0.888 1.296 @ http://localhost:3000/_next/static/chunks/0loi_next_dist_125_q28._.js:2477
[ 1241197ms] [LOG] [Laptop] GLB world bbox center: -2.498 0.412 0.010 @ http://localhost:3000/_next/static/chunks/0loi_next_dist_125_q28._.js:2477
[ 1241198ms] [LOG] [Laptop] GLB world bbox size: 1.320 0.888 1.296 @ http://localhost:3000/_next/static/chunks/0loi_next_dist_125_q28._.js:2477
[ 1241199ms] [LOG] [Laptop] GLB world bbox center: -2.498 0.412 0.010 @ http://localhost:3000/_next/static/chunks/0loi_next_dist_125_q28._.js:2477
[ 1241217ms] [LOG] [Hardware] GLB size: 0.145 0.138 0.005 @ http://localhost:3000/_next/static/chunks/0loi_next_dist_125_q28._.js:2477
[ 1241218ms] [LOG] [Hardware] scaleFactor: 17.260 @ http://localhost:3000/_next/static/chunks/0loi_next_dist_125_q28._.js:2477
[ 1241218ms] [LOG] [Hardware] GLB size: 0.145 0.138 0.005 @ http://localhost:3000/_next/static/chunks/0loi_next_dist_125_q28._.js:2477
[ 1241218ms] [LOG] [Hardware] scaleFactor: 17.260 @ http://localhost:3000/_next/static/chunks/0loi_next_dist_125_q28._.js:2477
[ 1241240ms] [LOG]   Group        | "Scene" @ http://localhost:3000/_next/static/chunks/0loi_next_dist_125_q28._.js:2477
[ 1241240ms] [LOG]   Group        | "DECK" @ http://localhost:3000/_next/static/chunks/0loi_next_dist_125_q28._.js:2477
[ 1241240ms] [LOG]   Mesh         | "Cube" @ http://localhost:3000/_next/static/chunks/0loi_next_dist_125_q28._.js:2477
[ 1241241ms] [LOG]   Mesh         | "Cube_1" @ http://localhost:3000/_next/static/chunks/0loi_next_dist_125_q28._.js:2477
[ 1241241ms] [LOG]   Mesh         | "Cube_2" @ http://localhost:3000/_next/static/chunks/0loi_next_dist_125_q28._.js:2477
[ 1241241ms] [LOG]   Mesh         | "Cube_3" @ http://localhost:3000/_next/static/chunks/0loi_next_dist_125_q28._.js:2477
[ 1241241ms] [LOG]   Group        | "keys_phy" @ http://localhost:3000/_next/static/chunks/0loi_next_dist_125_q28._.js:2477
[ 1241241ms] [LOG]   Mesh         | "Cube004" @ http://localhost:3000/_next/static/chunks/0loi_next_dist_125_q28._.js:2477
[ 1241241ms] [LOG]   Mesh         | "Cube004_1" @ http://localhost:3000/_next/static/chunks/0loi_next_dist_125_q28._.js:2477
[ 1241241ms] [LOG]   Mesh         | "mold_1" @ http://localhost:3000/_next/static/chunks/0loi_next_dist_125_q28._.js:2477
[ 1241241ms] [LOG]   Mesh         | "mold_3" @ http://localhost:3000/_next/static/chunks/0loi_next_dist_125_q28._.js:2477
[ 1241242ms] [LOG]   Mesh         | "mold_3001" @ http://localhost:3000/_next/static/chunks/0loi_next_dist_125_q28._.js:2477
[ 1241242ms] [LOG]   Mesh         | "notification_led" @ http://localhost:3000/_next/static/chunks/0loi_next_dist_125_q28._.js:2477
[ 1241243ms] [LOG]   Mesh         | "powerbutton001" @ http://localhost:3000/_next/static/chunks/0loi_next_dist_125_q28._.js:2477
[ 1241244ms] [LOG]   Mesh         | "powerbutton" @ http://localhost:3000/_next/static/chunks/0loi_next_dist_125_q28._.js:2477
[ 1241244ms] [LOG]   Mesh         | "tufLogo" @ http://localhost:3000/_next/static/chunks/0loi_next_dist_125_q28._.js:2477
[ 1241245ms] [LOG]   Mesh         | "W" @ http://localhost:3000/_next/static/chunks/0loi_next_dist_125_q28._.js:2477
[ 1241245ms] [LOG]   Mesh         | "A" @ http://localhost:3000/_next/static/chunks/0loi_next_dist_125_q28._.js:2477
[ 1241245ms] [LOG]   Mesh         | "D" @ http://localhost:3000/_next/static/chunks/0loi_next_dist_125_q28._.js:2477
[ 1241245ms] [LOG]   Mesh         | "S" @ http://localhost:3000/_next/static/chunks/0loi_next_dist_125_q28._.js:2477
[ 1241245ms] [LOG]   Group        | "laptop_display" @ http://localhost:3000/_next/static/chunks/0loi_next_dist_125_q28._.js:2477
[ 1241246ms] [LOG]   Mesh         | "Cube001" @ http://localhost:3000/_next/static/chunks/0loi_next_dist_125_q28._.js:2477
[ 1241246ms] [LOG]   Mesh         | "Cube001_1" @ http://localhost:3000/_next/static/chunks/0loi_next_dist_125_q28._.js:2477
[ 1241246ms] [LOG]   Mesh         | "Cylinder" @ http://localhost:3000/_next/static/chunks/0loi_next_dist_125_q28._.js:2477
[ 1241246ms] [LOG]   Mesh         | "Cylinder001" @ http://localhost:3000/_next/static/chunks/0loi_next_dist_125_q28._.js:2477
[ 1241246ms] [LOG]   Mesh         | "Plane" @ http://localhost:3000/_next/static/chunks/0loi_next_dist_125_q28._.js:2477
[ 1241247ms] [LOG]   Mesh         | "tufLogo001" @ http://localhost:3000/_next/static/chunks/0loi_next_dist_125_q28._.js:2477
[ 1241247ms] [LOG]   Mesh         | "wallpaper" @ http://localhost:3000/_next/static/chunks/0loi_next_dist_125_q28._.js:2477
[ 1241247ms] [LOG]   Mesh         | "backlight" @ http://localhost:3000/_next/static/chunks/0loi_next_dist_125_q28._.js:2477
[ 1241247ms] [LOG] [Laptop] Screen texture wired to: wallpaper @ http://localhost:3000/_next/static/chunks/0loi_next_dist_125_q28._.js:2477
[ 1241247ms] [LOG] [Laptop] Mirror fix applied via texture repeat/offset mapping @ http://localhost:3000/_next/static/chunks/0loi_next_dist_125_q28._.js:2477
[ 1249815ms] [LOG] [Fast Refresh] rebuilding @ http://localhost:3000/_next/static/chunks/0loi_next_dist_125_q28._.js:2477
[ 1250340ms] [LOG] [Fast Refresh] done in 574ms @ http://localhost:3000/_next/static/chunks/0loi_next_dist_125_q28._.js:2477
[ 1250471ms] [LOG] [Fast Refresh] rebuilding @ http://localhost:3000/_next/static/chunks/0loi_next_dist_125_q28._.js:2477
[ 1250550ms] [LOG] [Fast Refresh] done in 185ms @ http://localhost:3000/_next/static/chunks/0loi_next_dist_125_q28._.js:2477
[ 1251104ms] [INFO] %cDownload the React DevTools for a better development experience: https://react.dev/link/react-devtools font-weight:bold @ http://localhost:3000/_next/static/chunks/0loi_next_dist_125_q28._.js:2477
[ 1251173ms] [LOG] [HMR] connected @ http://localhost:3000/_next/static/chunks/0loi_next_dist_125_q28._.js:2477
[ 1251557ms] [WARNING] THREE.Clock: This module has been deprecated. Please use THREE.Timer instead. @ http://localhost:3000/_next/static/chunks/0loi_next_dist_125_q28._.js:2477
[ 1251892ms] [LOG] [Laptop] GLB world bbox size: 1.320 0.888 1.296 @ http://localhost:3000/_next/static/chunks/0loi_next_dist_125_q28._.js:2477
[ 1251892ms] [LOG] [Laptop] GLB world bbox center: -2.498 0.412 0.010 @ http://localhost:3000/_next/static/chunks/0loi_next_dist_125_q28._.js:2477
[ 1251894ms] [LOG] [Laptop] GLB world bbox size: 1.320 0.888 1.296 @ http://localhost:3000/_next/static/chunks/0loi_next_dist_125_q28._.js:2477
[ 1251894ms] [LOG] [Laptop] GLB world bbox center: -2.498 0.412 0.010 @ http://localhost:3000/_next/static/chunks/0loi_next_dist_125_q28._.js:2477
[ 1251983ms] [LOG] [Laptop] GLB world bbox size: 1.320 0.888 1.296 @ http://localhost:3000/_next/static/chunks/0loi_next_dist_125_q28._.js:2477
[ 1251983ms] [LOG] [Laptop] GLB world bbox center: -2.498 0.412 0.010 @ http://localhost:3000/_next/static/chunks/0loi_next_dist_125_q28._.js:2477
[ 1251984ms] [LOG] [Laptop] GLB world bbox size: 1.320 0.888 1.296 @ http://localhost:3000/_next/static/chunks/0loi_next_dist_125_q28._.js:2477
[ 1251984ms] [LOG] [Laptop] GLB world bbox center: -2.498 0.412 0.010 @ http://localhost:3000/_next/static/chunks/0loi_next_dist_125_q28._.js:2477
[ 1251996ms] [LOG] [Hardware] GLB size: 0.145 0.138 0.005 @ http://localhost:3000/_next/static/chunks/0loi_next_dist_125_q28._.js:2477
[ 1251997ms] [LOG] [Hardware] scaleFactor: 17.260 @ http://localhost:3000/_next/static/chunks/0loi_next_dist_125_q28._.js:2477
[ 1251997ms] [LOG] [Hardware] GLB size: 0.145 0.138 0.005 @ http://localhost:3000/_next/static/chunks/0loi_next_dist_125_q28._.js:2477
[ 1251998ms] [LOG] [Hardware] scaleFactor: 17.260 @ http://localhost:3000/_next/static/chunks/0loi_next_dist_125_q28._.js:2477
[ 1252016ms] [LOG] [Laptop] GLB world bbox size: 1.320 0.888 1.296 @ http://localhost:3000/_next/static/chunks/0loi_next_dist_125_q28._.js:2477
[ 1252016ms] [LOG] [Laptop] GLB world bbox center: -2.498 0.412 0.010 @ http://localhost:3000/_next/static/chunks/0loi_next_dist_125_q28._.js:2477
[ 1252017ms] [LOG] [Laptop] GLB world bbox size: 1.320 0.888 1.296 @ http://localhost:3000/_next/static/chunks/0loi_next_dist_125_q28._.js:2477
[ 1252017ms] [LOG] [Laptop] GLB world bbox center: -2.498 0.412 0.010 @ http://localhost:3000/_next/static/chunks/0loi_next_dist_125_q28._.js:2477
[ 1252028ms] [LOG] [Hardware] GLB size: 0.145 0.138 0.005 @ http://localhost:3000/_next/static/chunks/0loi_next_dist_125_q28._.js:2477
[ 1252029ms] [LOG] [Hardware] scaleFactor: 17.260 @ http://localhost:3000/_next/static/chunks/0loi_next_dist_125_q28._.js:2477
[ 1252029ms] [LOG] [Hardware] GLB size: 0.145 0.138 0.005 @ http://localhost:3000/_next/static/chunks/0loi_next_dist_125_q28._.js:2477
[ 1252030ms] [LOG] [Hardware] scaleFactor: 17.260 @ http://localhost:3000/_next/static/chunks/0loi_next_dist_125_q28._.js:2477
[ 1252079ms] [LOG]   Group        | "Scene" @ http://localhost:3000/_next/static/chunks/0loi_next_dist_125_q28._.js:2477
[ 1252079ms] [LOG]   Group        | "DECK" @ http://localhost:3000/_next/static/chunks/0loi_next_dist_125_q28._.js:2477
[ 1252079ms] [LOG]   Mesh         | "Cube" @ http://localhost:3000/_next/static/chunks/0loi_next_dist_125_q28._.js:2477
[ 1252079ms] [LOG]   Mesh         | "Cube_1" @ http://localhost:3000/_next/static/chunks/0loi_next_dist_125_q28._.js:2477
[ 1252079ms] [LOG]   Mesh         | "Cube_2" @ http://localhost:3000/_next/static/chunks/0loi_next_dist_125_q28._.js:2477
[ 1252079ms] [LOG]   Mesh         | "Cube_3" @ http://localhost:3000/_next/static/chunks/0loi_next_dist_125_q28._.js:2477
[ 1252079ms] [LOG]   Group        | "keys_phy" @ http://localhost:3000/_next/static/chunks/0loi_next_dist_125_q28._.js:2477
[ 1252080ms] [LOG]   Mesh         | "Cube004" @ http://localhost:3000/_next/static/chunks/0loi_next_dist_125_q28._.js:2477
[ 1252080ms] [LOG]   Mesh         | "Cube004_1" @ http://localhost:3000/_next/static/chunks/0loi_next_dist_125_q28._.js:2477
[ 1252080ms] [LOG]   Mesh         | "mold_1" @ http://localhost:3000/_next/static/chunks/0loi_next_dist_125_q28._.js:2477
[ 1252080ms] [LOG]   Mesh         | "mold_3" @ http://localhost:3000/_next/static/chunks/0loi_next_dist_125_q28._.js:2477
[ 1252080ms] [LOG]   Mesh         | "mold_3001" @ http://localhost:3000/_next/static/chunks/0loi_next_dist_125_q28._.js:2477
[ 1252080ms] [LOG]   Mesh         | "notification_led" @ http://localhost:3000/_next/static/chunks/0loi_next_dist_125_q28._.js:2477
[ 1252080ms] [LOG]   Mesh         | "powerbutton001" @ http://localhost:3000/_next/static/chunks/0loi_next_dist_125_q28._.js:2477
[ 1252081ms] [LOG]   Mesh         | "powerbutton" @ http://localhost:3000/_next/static/chunks/0loi_next_dist_125_q28._.js:2477
[ 1252081ms] [LOG]   Mesh         | "tufLogo" @ http://localhost:3000/_next/static/chunks/0loi_next_dist_125_q28._.js:2477
[ 1252081ms] [LOG]   Mesh         | "W" @ http://localhost:3000/_next/static/chunks/0loi_next_dist_125_q28._.js:2477
[ 1252081ms] [LOG]   Mesh         | "A" @ http://localhost:3000/_next/static/chunks/0loi_next_dist_125_q28._.js:2477
[ 1252081ms] [LOG]   Mesh         | "D" @ http://localhost:3000/_next/static/chunks/0loi_next_dist_125_q28._.js:2477
[ 1252081ms] [LOG]   Mesh         | "S" @ http://localhost:3000/_next/static/chunks/0loi_next_dist_125_q28._.js:2477
[ 1252082ms] [LOG]   Group        | "laptop_display" @ http://localhost:3000/_next/static/chunks/0loi_next_dist_125_q28._.js:2477
[ 1252082ms] [LOG]   Mesh         | "Cube001" @ http://localhost:3000/_next/static/chunks/0loi_next_dist_125_q28._.js:2477
[ 1252082ms] [LOG]   Mesh         | "Cube001_1" @ http://localhost:3000/_next/static/chunks/0loi_next_dist_125_q28._.js:2477
[ 1252082ms] [LOG]   Mesh         | "Cylinder" @ http://localhost:3000/_next/static/chunks/0loi_next_dist_125_q28._.js:2477
[ 1252082ms] [LOG]   Mesh         | "Cylinder001" @ http://localhost:3000/_next/static/chunks/0loi_next_dist_125_q28._.js:2477
[ 1252082ms] [LOG]   Mesh         | "Plane" @ http://localhost:3000/_next/static/chunks/0loi_next_dist_125_q28._.js:2477
[ 1252083ms] [LOG]   Mesh         | "tufLogo001" @ http://localhost:3000/_next/static/chunks/0loi_next_dist_125_q28._.js:2477
[ 1252083ms] [LOG]   Mesh         | "wallpaper" @ http://localhost:3000/_next/static/chunks/0loi_next_dist_125_q28._.js:2477
[ 1252083ms] [LOG]   Mesh         | "backlight" @ http://localhost:3000/_next/static/chunks/0loi_next_dist_125_q28._.js:2477
[ 1252083ms] [LOG] [Laptop] Screen texture wired to: wallpaper @ http://localhost:3000/_next/static/chunks/0loi_next_dist_125_q28._.js:2477
[ 1252084ms] [LOG] [Laptop] Mirror fix applied via texture repeat/offset mapping @ http://localhost:3000/_next/static/chunks/0loi_next_dist_125_q28._.js:2477
[ 1252284ms] [LOG] [Laptop] GLB world bbox size: 1.320 0.888 1.296 @ http://localhost:3000/_next/static/chunks/0loi_next_dist_125_q28._.js:2477
[ 1252284ms] [LOG] [Laptop] GLB world bbox center: -2.498 0.412 0.010 @ http://localhost:3000/_next/static/chunks/0loi_next_dist_125_q28._.js:2477
[ 1252284ms] [LOG] [Laptop] GLB world bbox size: 1.320 0.888 1.296 @ http://localhost:3000/_next/static/chunks/0loi_next_dist_125_q28._.js:2477
[ 1252285ms] [LOG] [Laptop] GLB world bbox center: -2.498 0.412 0.010 @ http://localhost:3000/_next/static/chunks/0loi_next_dist_125_q28._.js:2477
[ 1252288ms] [LOG] [Hardware] GLB size: 0.145 0.138 0.005 @ http://localhost:3000/_next/static/chunks/0loi_next_dist_125_q28._.js:2477
[ 1252288ms] [LOG] [Hardware] scaleFactor: 17.260 @ http://localhost:3000/_next/static/chunks/0loi_next_dist_125_q28._.js:2477
[ 1252288ms] [LOG] [Hardware] GLB size: 0.145 0.138 0.005 @ http://localhost:3000/_next/static/chunks/0loi_next_dist_125_q28._.js:2477
[ 1252289ms] [LOG] [Hardware] scaleFactor: 17.260 @ http://localhost:3000/_next/static/chunks/0loi_next_dist_125_q28._.js:2477
[ 1252304ms] [LOG]   Group        | "Scene" @ http://localhost:3000/_next/static/chunks/0loi_next_dist_125_q28._.js:2477
[ 1252304ms] [LOG]   Group        | "DECK" @ http://localhost:3000/_next/static/chunks/0loi_next_dist_125_q28._.js:2477
[ 1252304ms] [LOG]   Mesh         | "Cube" @ http://localhost:3000/_next/static/chunks/0loi_next_dist_125_q28._.js:2477
[ 1252305ms] [LOG]   Mesh         | "Cube_1" @ http://localhost:3000/_next/static/chunks/0loi_next_dist_125_q28._.js:2477
[ 1252305ms] [LOG]   Mesh         | "Cube_2" @ http://localhost:3000/_next/static/chunks/0loi_next_dist_125_q28._.js:2477
[ 1252305ms] [LOG]   Mesh         | "Cube_3" @ http://localhost:3000/_next/static/chunks/0loi_next_dist_125_q28._.js:2477
[ 1252305ms] [LOG]   Group        | "keys_phy" @ http://localhost:3000/_next/static/chunks/0loi_next_dist_125_q28._.js:2477
[ 1252305ms] [LOG]   Mesh         | "Cube004" @ http://localhost:3000/_next/static/chunks/0loi_next_dist_125_q28._.js:2477
[ 1252305ms] [LOG]   Mesh         | "Cube004_1" @ http://localhost:3000/_next/static/chunks/0loi_next_dist_125_q28._.js:2477
[ 1252305ms] [LOG]   Mesh         | "mold_1" @ http://localhost:3000/_next/static/chunks/0loi_next_dist_125_q28._.js:2477
[ 1252306ms] [LOG]   Mesh         | "mold_3" @ http://localhost:3000/_next/static/chunks/0loi_next_dist_125_q28._.js:2477
[ 1252306ms] [LOG]   Mesh         | "mold_3001" @ http://localhost:3000/_next/static/chunks/0loi_next_dist_125_q28._.js:2477
[ 1252306ms] [LOG]   Mesh         | "notification_led" @ http://localhost:3000/_next/static/chunks/0loi_next_dist_125_q28._.js:2477
[ 1252306ms] [LOG]   Mesh         | "powerbutton001" @ http://localhost:3000/_next/static/chunks/0loi_next_dist_125_q28._.js:2477
[ 1252306ms] [LOG]   Mesh         | "powerbutton" @ http://localhost:3000/_next/static/chunks/0loi_next_dist_125_q28._.js:2477
[ 1252306ms] [LOG]   Mesh         | "tufLogo" @ http://localhost:3000/_next/static/chunks/0loi_next_dist_125_q28._.js:2477
[ 1252307ms] [LOG]   Mesh         | "W" @ http://localhost:3000/_next/static/chunks/0loi_next_dist_125_q28._.js:2477
[ 1252307ms] [LOG]   Mesh         | "A" @ http://localhost:3000/_next/static/chunks/0loi_next_dist_125_q28._.js:2477
[ 1252307ms] [LOG]   Mesh         | "D" @ http://localhost:3000/_next/static/chunks/0loi_next_dist_125_q28._.js:2477
[ 1252307ms] [LOG]   Mesh         | "S" @ http://localhost:3000/_next/static/chunks/0loi_next_dist_125_q28._.js:2477
[ 1252307ms] [LOG]   Group        | "laptop_display" @ http://localhost:3000/_next/static/chunks/0loi_next_dist_125_q28._.js:2477
[ 1252307ms] [LOG]   Mesh         | "Cube001" @ http://localhost:3000/_next/static/chunks/0loi_next_dist_125_q28._.js:2477
[ 1252307ms] [LOG]   Mesh         | "Cube001_1" @ http://localhost:3000/_next/static/chunks/0loi_next_dist_125_q28._.js:2477
[ 1252308ms] [LOG]   Mesh         | "Cylinder" @ http://localhost:3000/_next/static/chunks/0loi_next_dist_125_q28._.js:2477
[ 1252308ms] [LOG]   Mesh         | "Cylinder001" @ http://localhost:3000/_next/static/chunks/0loi_next_dist_125_q28._.js:2477
[ 1252308ms] [LOG]   Mesh         | "Plane" @ http://localhost:3000/_next/static/chunks/0loi_next_dist_125_q28._.js:2477
[ 1252308ms] [LOG]   Mesh         | "tufLogo001" @ http://localhost:3000/_next/static/chunks/0loi_next_dist_125_q28._.js:2477
[ 1252308ms] [LOG]   Mesh         | "wallpaper" @ http://localhost:3000/_next/static/chunks/0loi_next_dist_125_q28._.js:2477
[ 1252310ms] [LOG]   Mesh         | "backlight" @ http://localhost:3000/_next/static/chunks/0loi_next_dist_125_q28._.js:2477
[ 1252310ms] [LOG] [Laptop] Screen texture wired to: wallpaper @ http://localhost:3000/_next/static/chunks/0loi_next_dist_125_q28._.js:2477
[ 1252310ms] [LOG] [Laptop] Mirror fix applied via texture repeat/offset mapping @ http://localhost:3000/_next/static/chunks/0loi_next_dist_125_q28._.js:2477
[ 1252734ms] [LOG] THREE.WebGLRenderer: Context Lost. @ http://localhost:3000/_next/static/chunks/0loi_next_dist_125_q28._.js:2477
[ 1253204ms] [WARNING] THREE.Clock: This module has been deprecated. Please use THREE.Timer instead. @ http://localhost:3000/_next/static/chunks/0loi_next_dist_125_q28._.js:2477
[ 1253248ms] [LOG] [Laptop] GLB world bbox size: 1.320 0.888 1.296 @ http://localhost:3000/_next/static/chunks/0loi_next_dist_125_q28._.js:2477
[ 1253248ms] [LOG] [Laptop] GLB world bbox center: -2.498 0.412 0.010 @ http://localhost:3000/_next/static/chunks/0loi_next_dist_125_q28._.js:2477
[ 1253249ms] [LOG] [Laptop] GLB world bbox size: 1.320 0.888 1.296 @ http://localhost:3000/_next/static/chunks/0loi_next_dist_125_q28._.js:2477
[ 1253249ms] [LOG] [Laptop] GLB world bbox center: -2.498 0.412 0.010 @ http://localhost:3000/_next/static/chunks/0loi_next_dist_125_q28._.js:2477
[ 1253252ms] [LOG] [Hardware] GLB size: 0.145 0.138 0.005 @ http://localhost:3000/_next/static/chunks/0loi_next_dist_125_q28._.js:2477
[ 1253253ms] [LOG] [Hardware] scaleFactor: 17.260 @ http://localhost:3000/_next/static/chunks/0loi_next_dist_125_q28._.js:2477
[ 1253253ms] [LOG] [Hardware] GLB size: 0.145 0.138 0.005 @ http://localhost:3000/_next/static/chunks/0loi_next_dist_125_q28._.js:2477
[ 1253253ms] [LOG] [Hardware] scaleFactor: 17.260 @ http://localhost:3000/_next/static/chunks/0loi_next_dist_125_q28._.js:2477
[ 1253271ms] [LOG]   Group        | "Scene" @ http://localhost:3000/_next/static/chunks/0loi_next_dist_125_q28._.js:2477
[ 1253271ms] [LOG]   Group        | "DECK" @ http://localhost:3000/_next/static/chunks/0loi_next_dist_125_q28._.js:2477
[ 1253271ms] [LOG]   Mesh         | "Cube" @ http://localhost:3000/_next/static/chunks/0loi_next_dist_125_q28._.js:2477
[ 1253271ms] [LOG]   Mesh         | "Cube_1" @ http://localhost:3000/_next/static/chunks/0loi_next_dist_125_q28._.js:2477
[ 1253271ms] [LOG]   Mesh         | "Cube_2" @ http://localhost:3000/_next/static/chunks/0loi_next_dist_125_q28._.js:2477
[ 1253272ms] [LOG]   Mesh         | "Cube_3" @ http://localhost:3000/_next/static/chunks/0loi_next_dist_125_q28._.js:2477
[ 1253272ms] [LOG]   Group        | "keys_phy" @ http://localhost:3000/_next/static/chunks/0loi_next_dist_125_q28._.js:2477
[ 1253272ms] [LOG]   Mesh         | "Cube004" @ http://localhost:3000/_next/static/chunks/0loi_next_dist_125_q28._.js:2477
[ 1253272ms] [LOG]   Mesh         | "Cube004_1" @ http://localhost:3000/_next/static/chunks/0loi_next_dist_125_q28._.js:2477
[ 1253272ms] [LOG]   Mesh         | "mold_1" @ http://localhost:3000/_next/static/chunks/0loi_next_dist_125_q28._.js:2477
[ 1253272ms] [LOG]   Mesh         | "mold_3" @ http://localhost:3000/_next/static/chunks/0loi_next_dist_125_q28._.js:2477
[ 1253272ms] [LOG]   Mesh         | "mold_3001" @ http://localhost:3000/_next/static/chunks/0loi_next_dist_125_q28._.js:2477
[ 1253272ms] [LOG]   Mesh         | "notification_led" @ http://localhost:3000/_next/static/chunks/0loi_next_dist_125_q28._.js:2477
[ 1253273ms] [LOG]   Mesh         | "powerbutton001" @ http://localhost:3000/_next/static/chunks/0loi_next_dist_125_q28._.js:2477
[ 1253273ms] [LOG]   Mesh         | "powerbutton" @ http://localhost:3000/_next/static/chunks/0loi_next_dist_125_q28._.js:2477
[ 1253273ms] [LOG]   Mesh         | "tufLogo" @ http://localhost:3000/_next/static/chunks/0loi_next_dist_125_q28._.js:2477
[ 1253273ms] [LOG]   Mesh         | "W" @ http://localhost:3000/_next/static/chunks/0loi_next_dist_125_q28._.js:2477
[ 1253273ms] [LOG]   Mesh         | "A" @ http://localhost:3000/_next/static/chunks/0loi_next_dist_125_q28._.js:2477
[ 1253273ms] [LOG]   Mesh         | "D" @ http://localhost:3000/_next/static/chunks/0loi_next_dist_125_q28._.js:2477
[ 1253273ms] [LOG]   Mesh         | "S" @ http://localhost:3000/_next/static/chunks/0loi_next_dist_125_q28._.js:2477
[ 1253274ms] [LOG]   Group        | "laptop_display" @ http://localhost:3000/_next/static/chunks/0loi_next_dist_125_q28._.js:2477
[ 1253274ms] [LOG]   Mesh         | "Cube001" @ http://localhost:3000/_next/static/chunks/0loi_next_dist_125_q28._.js:2477
[ 1253274ms] [LOG]   Mesh         | "Cube001_1" @ http://localhost:3000/_next/static/chunks/0loi_next_dist_125_q28._.js:2477
[ 1253274ms] [LOG]   Mesh         | "Cylinder" @ http://localhost:3000/_next/static/chunks/0loi_next_dist_125_q28._.js:2477
[ 1253275ms] [LOG]   Mesh         | "Cylinder001" @ http://localhost:3000/_next/static/chunks/0loi_next_dist_125_q28._.js:2477
[ 1253275ms] [LOG]   Mesh         | "Plane" @ http://localhost:3000/_next/static/chunks/0loi_next_dist_125_q28._.js:2477
[ 1253275ms] [LOG]   Mesh         | "tufLogo001" @ http://localhost:3000/_next/static/chunks/0loi_next_dist_125_q28._.js:2477
[ 1253276ms] [LOG]   Mesh         | "wallpaper" @ http://localhost:3000/_next/static/chunks/0loi_next_dist_125_q28._.js:2477
[ 1253276ms] [LOG]   Mesh         | "backlight" @ http://localhost:3000/_next/static/chunks/0loi_next_dist_125_q28._.js:2477
[ 1253276ms] [LOG] [Laptop] Screen texture wired to: wallpaper @ http://localhost:3000/_next/static/chunks/0loi_next_dist_125_q28._.js:2477
[ 1253277ms] [LOG] [Laptop] Mirror fix applied via texture repeat/offset mapping @ http://localhost:3000/_next/static/chunks/0loi_next_dist_125_q28._.js:2477
[ 1268022ms] [LOG] [Fast Refresh] rebuilding @ http://localhost:3000/_next/static/chunks/0loi_next_dist_125_q28._.js:2477
[ 1268239ms] [LOG] [Fast Refresh] done in 318ms @ http://localhost:3000/_next/static/chunks/0loi_next_dist_125_q28._.js:2477
[ 1292392ms] [LOG] [Fast Refresh] rebuilding @ http://localhost:3000/_next/static/chunks/0loi_next_dist_125_q28._.js:2477
[ 1292444ms] [LOG] [Fast Refresh] done in 156ms @ http://localhost:3000/_next/static/chunks/0loi_next_dist_125_q28._.js:2477
[ 1292556ms] [INFO] %cDownload the React DevTools for a better development experience: https://react.dev/link/react-devtools font-weight:bold @ http://localhost:3000/_next/static/chunks/0loi_next_dist_125_q28._.js:2477
[ 1292591ms] [LOG] [HMR] connected @ http://localhost:3000/_next/static/chunks/0loi_next_dist_125_q28._.js:2477
[ 1292865ms] [WARNING] THREE.Clock: This module has been deprecated. Please use THREE.Timer instead. @ http://localhost:3000/_next/static/chunks/0loi_next_dist_125_q28._.js:2477
[ 1293272ms] [LOG] [Laptop] GLB world bbox size: 1.320 0.888 1.296 @ http://localhost:3000/_next/static/chunks/0loi_next_dist_125_q28._.js:2477
[ 1293273ms] [LOG] [Laptop] GLB world bbox center: -2.498 0.412 0.010 @ http://localhost:3000/_next/static/chunks/0loi_next_dist_125_q28._.js:2477
[ 1293273ms] [LOG] [Laptop] GLB world bbox size: 1.320 0.888 1.296 @ http://localhost:3000/_next/static/chunks/0loi_next_dist_125_q28._.js:2477
[ 1293273ms] [LOG] [Laptop] GLB world bbox center: -2.498 0.412 0.010 @ http://localhost:3000/_next/static/chunks/0loi_next_dist_125_q28._.js:2477
[ 1293293ms] [LOG] [Laptop] GLB world bbox size: 1.320 0.888 1.296 @ http://localhost:3000/_next/static/chunks/0loi_next_dist_125_q28._.js:2477
[ 1293294ms] [LOG] [Laptop] GLB world bbox center: -2.498 0.412 0.010 @ http://localhost:3000/_next/static/chunks/0loi_next_dist_125_q28._.js:2477
[ 1293294ms] [LOG] [Laptop] GLB world bbox size: 1.320 0.888 1.296 @ http://localhost:3000/_next/static/chunks/0loi_next_dist_125_q28._.js:2477
[ 1293294ms] [LOG] [Laptop] GLB world bbox center: -2.498 0.412 0.010 @ http://localhost:3000/_next/static/chunks/0loi_next_dist_125_q28._.js:2477
[ 1293347ms] [LOG] [Laptop] GLB world bbox size: 1.320 0.888 1.296 @ http://localhost:3000/_next/static/chunks/0loi_next_dist_125_q28._.js:2477
[ 1293347ms] [LOG] [Laptop] GLB world bbox center: -2.498 0.412 0.010 @ http://localhost:3000/_next/static/chunks/0loi_next_dist_125_q28._.js:2477
[ 1293347ms] [LOG] [Laptop] GLB world bbox size: 1.320 0.888 1.296 @ http://localhost:3000/_next/static/chunks/0loi_next_dist_125_q28._.js:2477
[ 1293347ms] [LOG] [Laptop] GLB world bbox center: -2.498 0.412 0.010 @ http://localhost:3000/_next/static/chunks/0loi_next_dist_125_q28._.js:2477
[ 1293349ms] [LOG] [Hardware] GLB size: 0.145 0.138 0.005 @ http://localhost:3000/_next/static/chunks/0loi_next_dist_125_q28._.js:2477
[ 1293349ms] [LOG] [Hardware] scaleFactor: 17.260 @ http://localhost:3000/_next/static/chunks/0loi_next_dist_125_q28._.js:2477
[ 1293349ms] [LOG] [Hardware] GLB size: 0.145 0.138 0.005 @ http://localhost:3000/_next/static/chunks/0loi_next_dist_125_q28._.js:2477
[ 1293349ms] [LOG] [Hardware] scaleFactor: 17.260 @ http://localhost:3000/_next/static/chunks/0loi_next_dist_125_q28._.js:2477
[ 1293453ms] [LOG]   Group        | "Scene" @ http://localhost:3000/_next/static/chunks/0loi_next_dist_125_q28._.js:2477
[ 1293453ms] [LOG]   Group        | "DECK" @ http://localhost:3000/_next/static/chunks/0loi_next_dist_125_q28._.js:2477
[ 1293453ms] [LOG]   Mesh         | "Cube" @ http://localhost:3000/_next/static/chunks/0loi_next_dist_125_q28._.js:2477
[ 1293453ms] [LOG]   Mesh         | "Cube_1" @ http://localhost:3000/_next/static/chunks/0loi_next_dist_125_q28._.js:2477
[ 1293453ms] [LOG]   Mesh         | "Cube_2" @ http://localhost:3000/_next/static/chunks/0loi_next_dist_125_q28._.js:2477
[ 1293453ms] [LOG]   Mesh         | "Cube_3" @ http://localhost:3000/_next/static/chunks/0loi_next_dist_125_q28._.js:2477
[ 1293453ms] [LOG]   Group        | "keys_phy" @ http://localhost:3000/_next/static/chunks/0loi_next_dist_125_q28._.js:2477
[ 1293453ms] [LOG]   Mesh         | "Cube004" @ http://localhost:3000/_next/static/chunks/0loi_next_dist_125_q28._.js:2477
[ 1293453ms] [LOG]   Mesh         | "Cube004_1" @ http://localhost:3000/_next/static/chunks/0loi_next_dist_125_q28._.js:2477
[ 1293453ms] [LOG]   Mesh         | "mold_1" @ http://localhost:3000/_next/static/chunks/0loi_next_dist_125_q28._.js:2477
[ 1293453ms] [LOG]   Mesh         | "mold_3" @ http://localhost:3000/_next/static/chunks/0loi_next_dist_125_q28._.js:2477
[ 1293454ms] [LOG]   Mesh         | "mold_3001" @ http://localhost:3000/_next/static/chunks/0loi_next_dist_125_q28._.js:2477
[ 1293454ms] [LOG]   Mesh         | "notification_led" @ http://localhost:3000/_next/static/chunks/0loi_next_dist_125_q28._.js:2477
[ 1293454ms] [LOG]   Mesh         | "powerbutton001" @ http://localhost:3000/_next/static/chunks/0loi_next_dist_125_q28._.js:2477
[ 1293454ms] [LOG]   Mesh         | "powerbutton" @ http://localhost:3000/_next/static/chunks/0loi_next_dist_125_q28._.js:2477
[ 1293454ms] [LOG]   Mesh         | "tufLogo" @ http://localhost:3000/_next/static/chunks/0loi_next_dist_125_q28._.js:2477
[ 1293454ms] [LOG]   Mesh         | "W" @ http://localhost:3000/_next/static/chunks/0loi_next_dist_125_q28._.js:2477
[ 1293454ms] [LOG]   Mesh         | "A" @ http://localhost:3000/_next/static/chunks/0loi_next_dist_125_q28._.js:2477
[ 1293454ms] [LOG]   Mesh         | "D" @ http://localhost:3000/_next/static/chunks/0loi_next_dist_125_q28._.js:2477
[ 1293454ms] [LOG]   Mesh         | "S" @ http://localhost:3000/_next/static/chunks/0loi_next_dist_125_q28._.js:2477
[ 1293454ms] [LOG]   Group        | "laptop_display" @ http://localhost:3000/_next/static/chunks/0loi_next_dist_125_q28._.js:2477
[ 1293454ms] [LOG]   Mesh         | "Cube001" @ http://localhost:3000/_next/static/chunks/0loi_next_dist_125_q28._.js:2477
[ 1293454ms] [LOG]   Mesh         | "Cube001_1" @ http://localhost:3000/_next/static/chunks/0loi_next_dist_125_q28._.js:2477
[ 1293454ms] [LOG]   Mesh         | "Cylinder" @ http://localhost:3000/_next/static/chunks/0loi_next_dist_125_q28._.js:2477
[ 1293454ms] [LOG]   Mesh         | "Cylinder001" @ http://localhost:3000/_next/static/chunks/0loi_next_dist_125_q28._.js:2477
[ 1293454ms] [LOG]   Mesh         | "Plane" @ http://localhost:3000/_next/static/chunks/0loi_next_dist_125_q28._.js:2477
[ 1293454ms] [LOG]   Mesh         | "tufLogo001" @ http://localhost:3000/_next/static/chunks/0loi_next_dist_125_q28._.js:2477
[ 1293454ms] [LOG]   Mesh         | "wallpaper" @ http://localhost:3000/_next/static/chunks/0loi_next_dist_125_q28._.js:2477
[ 1293455ms] [LOG]   Mesh         | "backlight" @ http://localhost:3000/_next/static/chunks/0loi_next_dist_125_q28._.js:2477
[ 1293455ms] [LOG] [Laptop] Screen texture wired to: wallpaper @ http://localhost:3000/_next/static/chunks/0loi_next_dist_125_q28._.js:2477
[ 1293455ms] [LOG] [Laptop] Mirror fix applied via texture repeat/offset mapping @ http://localhost:3000/_next/static/chunks/0loi_next_dist_125_q28._.js:2477
[ 1293668ms] [LOG] [Laptop] GLB world bbox size: 1.320 0.888 1.296 @ http://localhost:3000/_next/static/chunks/0loi_next_dist_125_q28._.js:2477
[ 1293668ms] [LOG] [Laptop] GLB world bbox center: -2.498 0.412 0.010 @ http://localhost:3000/_next/static/chunks/0loi_next_dist_125_q28._.js:2477
[ 1293668ms] [LOG] [Laptop] GLB world bbox size: 1.320 0.888 1.296 @ http://localhost:3000/_next/static/chunks/0loi_next_dist_125_q28._.js:2477
[ 1293668ms] [LOG] [Laptop] GLB world bbox center: -2.498 0.412 0.010 @ http://localhost:3000/_next/static/chunks/0loi_next_dist_125_q28._.js:2477
[ 1293670ms] [LOG] [Hardware] GLB size: 0.145 0.138 0.005 @ http://localhost:3000/_next/static/chunks/0loi_next_dist_125_q28._.js:2477
[ 1293670ms] [LOG] [Hardware] scaleFactor: 17.260 @ http://localhost:3000/_next/static/chunks/0loi_next_dist_125_q28._.js:2477
[ 1293670ms] [LOG] [Hardware] GLB size: 0.145 0.138 0.005 @ http://localhost:3000/_next/static/chunks/0loi_next_dist_125_q28._.js:2477
[ 1293671ms] [LOG] [Hardware] scaleFactor: 17.260 @ http://localhost:3000/_next/static/chunks/0loi_next_dist_125_q28._.js:2477
[ 1293680ms] [LOG]   Group        | "Scene" @ http://localhost:3000/_next/static/chunks/0loi_next_dist_125_q28._.js:2477
[ 1293680ms] [LOG]   Group        | "DECK" @ http://localhost:3000/_next/static/chunks/0loi_next_dist_125_q28._.js:2477
[ 1293680ms] [LOG]   Mesh         | "Cube" @ http://localhost:3000/_next/static/chunks/0loi_next_dist_125_q28._.js:2477
[ 1293680ms] [LOG]   Mesh         | "Cube_1" @ http://localhost:3000/_next/static/chunks/0loi_next_dist_125_q28._.js:2477
[ 1293680ms] [LOG]   Mesh         | "Cube_2" @ http://localhost:3000/_next/static/chunks/0loi_next_dist_125_q28._.js:2477
[ 1293680ms] [LOG]   Mesh         | "Cube_3" @ http://localhost:3000/_next/static/chunks/0loi_next_dist_125_q28._.js:2477
[ 1293680ms] [LOG]   Group        | "keys_phy" @ http://localhost:3000/_next/static/chunks/0loi_next_dist_125_q28._.js:2477
[ 1293680ms] [LOG]   Mesh         | "Cube004" @ http://localhost:3000/_next/static/chunks/0loi_next_dist_125_q28._.js:2477
[ 1293680ms] [LOG]   Mesh         | "Cube004_1" @ http://localhost:3000/_next/static/chunks/0loi_next_dist_125_q28._.js:2477
[ 1293680ms] [LOG]   Mesh         | "mold_1" @ http://localhost:3000/_next/static/chunks/0loi_next_dist_125_q28._.js:2477
[ 1293680ms] [LOG]   Mesh         | "mold_3" @ http://localhost:3000/_next/static/chunks/0loi_next_dist_125_q28._.js:2477
[ 1293681ms] [LOG]   Mesh         | "mold_3001" @ http://localhost:3000/_next/static/chunks/0loi_next_dist_125_q28._.js:2477
[ 1293681ms] [LOG]   Mesh         | "notification_led" @ http://localhost:3000/_next/static/chunks/0loi_next_dist_125_q28._.js:2477
[ 1293681ms] [LOG]   Mesh         | "powerbutton001" @ http://localhost:3000/_next/static/chunks/0loi_next_dist_125_q28._.js:2477
[ 1293681ms] [LOG]   Mesh         | "powerbutton" @ http://localhost:3000/_next/static/chunks/0loi_next_dist_125_q28._.js:2477
[ 1293681ms] [LOG]   Mesh         | "tufLogo" @ http://localhost:3000/_next/static/chunks/0loi_next_dist_125_q28._.js:2477
[ 1293681ms] [LOG]   Mesh         | "W" @ http://localhost:3000/_next/static/chunks/0loi_next_dist_125_q28._.js:2477
[ 1293681ms] [LOG]   Mesh         | "A" @ http://localhost:3000/_next/static/chunks/0loi_next_dist_125_q28._.js:2477
[ 1293681ms] [LOG]   Mesh         | "D" @ http://localhost:3000/_next/static/chunks/0loi_next_dist_125_q28._.js:2477
[ 1293681ms] [LOG]   Mesh         | "S" @ http://localhost:3000/_next/static/chunks/0loi_next_dist_125_q28._.js:2477
[ 1293681ms] [LOG]   Group        | "laptop_display" @ http://localhost:3000/_next/static/chunks/0loi_next_dist_125_q28._.js:2477
[ 1293681ms] [LOG]   Mesh         | "Cube001" @ http://localhost:3000/_next/static/chunks/0loi_next_dist_125_q28._.js:2477
[ 1293681ms] [LOG]   Mesh         | "Cube001_1" @ http://localhost:3000/_next/static/chunks/0loi_next_dist_125_q28._.js:2477
[ 1293681ms] [LOG]   Mesh         | "Cylinder" @ http://localhost:3000/_next/static/chunks/0loi_next_dist_125_q28._.js:2477
[ 1293681ms] [LOG]   Mesh         | "Cylinder001" @ http://localhost:3000/_next/static/chunks/0loi_next_dist_125_q28._.js:2477
[ 1293681ms] [LOG]   Mesh         | "Plane" @ http://localhost:3000/_next/static/chunks/0loi_next_dist_125_q28._.js:2477
[ 1293681ms] [LOG]   Mesh         | "tufLogo001" @ http://localhost:3000/_next/static/chunks/0loi_next_dist_125_q28._.js:2477
[ 1293681ms] [LOG]   Mesh         | "wallpaper" @ http://localhost:3000/_next/static/chunks/0loi_next_dist_125_q28._.js:2477
[ 1293681ms] [LOG]   Mesh         | "backlight" @ http://localhost:3000/_next/static/chunks/0loi_next_dist_125_q28._.js:2477
[ 1293681ms] [LOG] [Laptop] Screen texture wired to: wallpaper @ http://localhost:3000/_next/static/chunks/0loi_next_dist_125_q28._.js:2477
[ 1293681ms] [LOG] [Laptop] Mirror fix applied via texture repeat/offset mapping @ http://localhost:3000/_next/static/chunks/0loi_next_dist_125_q28._.js:2477
[ 1294150ms] [LOG] THREE.WebGLRenderer: Context Lost. @ http://localhost:3000/_next/static/chunks/0loi_next_dist_125_q28._.js:2477
[ 1294622ms] [WARNING] THREE.Clock: This module has been deprecated. Please use THREE.Timer instead. @ http://localhost:3000/_next/static/chunks/0loi_next_dist_125_q28._.js:2477
[ 1294707ms] [LOG] [Laptop] GLB world bbox size: 1.320 0.888 1.296 @ http://localhost:3000/_next/static/chunks/0loi_next_dist_125_q28._.js:2477
[ 1294708ms] [LOG] [Laptop] GLB world bbox center: -2.498 0.412 0.010 @ http://localhost:3000/_next/static/chunks/0loi_next_dist_125_q28._.js:2477
[ 1294708ms] [LOG] [Laptop] GLB world bbox size: 1.320 0.888 1.296 @ http://localhost:3000/_next/static/chunks/0loi_next_dist_125_q28._.js:2477
[ 1294708ms] [LOG] [Laptop] GLB world bbox center: -2.498 0.412 0.010 @ http://localhost:3000/_next/static/chunks/0loi_next_dist_125_q28._.js:2477
[ 1294710ms] [LOG] [Hardware] GLB size: 0.145 0.138 0.005 @ http://localhost:3000/_next/static/chunks/0loi_next_dist_125_q28._.js:2477
[ 1294710ms] [LOG] [Hardware] scaleFactor: 17.260 @ http://localhost:3000/_next/static/chunks/0loi_next_dist_125_q28._.js:2477
[ 1294710ms] [LOG] [Hardware] GLB size: 0.145 0.138 0.005 @ http://localhost:3000/_next/static/chunks/0loi_next_dist_125_q28._.js:2477
[ 1294710ms] [LOG] [Hardware] scaleFactor: 17.260 @ http://localhost:3000/_next/static/chunks/0loi_next_dist_125_q28._.js:2477
[ 1294720ms] [LOG]   Group        | "Scene" @ http://localhost:3000/_next/static/chunks/0loi_next_dist_125_q28._.js:2477
[ 1294720ms] [LOG]   Group        | "DECK" @ http://localhost:3000/_next/static/chunks/0loi_next_dist_125_q28._.js:2477
[ 1294721ms] [LOG]   Mesh         | "Cube" @ http://localhost:3000/_next/static/chunks/0loi_next_dist_125_q28._.js:2477
[ 1294721ms] [LOG]   Mesh         | "Cube_1" @ http://localhost:3000/_next/static/chunks/0loi_next_dist_125_q28._.js:2477
[ 1294721ms] [LOG]   Mesh         | "Cube_2" @ http://localhost:3000/_next/static/chunks/0loi_next_dist_125_q28._.js:2477
[ 1294721ms] [LOG]   Mesh         | "Cube_3" @ http://localhost:3000/_next/static/chunks/0loi_next_dist_125_q28._.js:2477
[ 1294721ms] [LOG]   Group        | "keys_phy" @ http://localhost:3000/_next/static/chunks/0loi_next_dist_125_q28._.js:2477
[ 1294721ms] [LOG]   Mesh         | "Cube004" @ http://localhost:3000/_next/static/chunks/0loi_next_dist_125_q28._.js:2477
[ 1294721ms] [LOG]   Mesh         | "Cube004_1" @ http://localhost:3000/_next/static/chunks/0loi_next_dist_125_q28._.js:2477
[ 1294721ms] [LOG]   Mesh         | "mold_1" @ http://localhost:3000/_next/static/chunks/0loi_next_dist_125_q28._.js:2477
[ 1294722ms] [LOG]   Mesh         | "mold_3" @ http://localhost:3000/_next/static/chunks/0loi_next_dist_125_q28._.js:2477
[ 1294722ms] [LOG]   Mesh         | "mold_3001" @ http://localhost:3000/_next/static/chunks/0loi_next_dist_125_q28._.js:2477
[ 1294722ms] [LOG]   Mesh         | "notification_led" @ http://localhost:3000/_next/static/chunks/0loi_next_dist_125_q28._.js:2477
[ 1294722ms] [LOG]   Mesh         | "powerbutton001" @ http://localhost:3000/_next/static/chunks/0loi_next_dist_125_q28._.js:2477
[ 1294722ms] [LOG]   Mesh         | "powerbutton" @ http://localhost:3000/_next/static/chunks/0loi_next_dist_125_q28._.js:2477
[ 1294722ms] [LOG]   Mesh         | "tufLogo" @ http://localhost:3000/_next/static/chunks/0loi_next_dist_125_q28._.js:2477
[ 1294722ms] [LOG]   Mesh         | "W" @ http://localhost:3000/_next/static/chunks/0loi_next_dist_125_q28._.js:2477
[ 1294722ms] [LOG]   Mesh         | "A" @ http://localhost:3000/_next/static/chunks/0loi_next_dist_125_q28._.js:2477
[ 1294722ms] [LOG]   Mesh         | "D" @ http://localhost:3000/_next/static/chunks/0loi_next_dist_125_q28._.js:2477
[ 1294722ms] [LOG]   Mesh         | "S" @ http://localhost:3000/_next/static/chunks/0loi_next_dist_125_q28._.js:2477
[ 1294722ms] [LOG]   Group        | "laptop_display" @ http://localhost:3000/_next/static/chunks/0loi_next_dist_125_q28._.js:2477
[ 1294722ms] [LOG]   Mesh         | "Cube001" @ http://localhost:3000/_next/static/chunks/0loi_next_dist_125_q28._.js:2477
[ 1294722ms] [LOG]   Mesh         | "Cube001_1" @ http://localhost:3000/_next/static/chunks/0loi_next_dist_125_q28._.js:2477
[ 1294722ms] [LOG]   Mesh         | "Cylinder" @ http://localhost:3000/_next/static/chunks/0loi_next_dist_125_q28._.js:2477
[ 1294722ms] [LOG]   Mesh         | "Cylinder001" @ http://localhost:3000/_next/static/chunks/0loi_next_dist_125_q28._.js:2477
[ 1294723ms] [LOG]   Mesh         | "Plane" @ http://localhost:3000/_next/static/chunks/0loi_next_dist_125_q28._.js:2477
[ 1294723ms] [LOG]   Mesh         | "tufLogo001" @ http://localhost:3000/_next/static/chunks/0loi_next_dist_125_q28._.js:2477
[ 1294723ms] [LOG]   Mesh         | "wallpaper" @ http://localhost:3000/_next/static/chunks/0loi_next_dist_125_q28._.js:2477
[ 1294723ms] [LOG]   Mesh         | "backlight" @ http://localhost:3000/_next/static/chunks/0loi_next_dist_125_q28._.js:2477
[ 1294723ms] [LOG] [Laptop] Screen texture wired to: wallpaper @ http://localhost:3000/_next/static/chunks/0loi_next_dist_125_q28._.js:2477
[ 1294723ms] [LOG] [Laptop] Mirror fix applied via texture repeat/offset mapping @ http://localhost:3000/_next/static/chunks/0loi_next_dist_125_q28._.js:2477
[ 1636895ms] [LOG] [Fast Refresh] rebuilding @ http://localhost:3000/_next/static/chunks/0loi_next_dist_125_q28._.js:2477
[ 1637428ms] [LOG] [Fast Refresh] done in 631ms @ http://localhost:3000/_next/static/chunks/0loi_next_dist_125_q28._.js:2477
[ 1655183ms] [LOG] [Fast Refresh] rebuilding @ http://localhost:3000/_next/static/chunks/0loi_next_dist_125_q28._.js:2477
[ 1655257ms] [LOG] [Fast Refresh] done in 182ms @ http://localhost:3000/_next/static/chunks/0loi_next_dist_125_q28._.js:2477
[ 1669016ms] [LOG] [Fast Refresh] rebuilding @ http://localhost:3000/_next/static/chunks/0loi_next_dist_125_q28._.js:2477
[ 1669036ms] [LOG] [Fast Refresh] done in 81ms @ http://localhost:3000/_next/static/chunks/0loi_next_dist_125_q28._.js:2477
[ 1689432ms] [LOG] [Fast Refresh] rebuilding @ http://localhost:3000/_next/static/chunks/0loi_next_dist_125_q28._.js:2477
[ 1689516ms] [LOG] [Fast Refresh] done in 184ms @ http://localhost:3000/_next/static/chunks/0loi_next_dist_125_q28._.js:2477
[ 1932258ms] [LOG] [Fast Refresh] rebuilding @ http://localhost:3000/_next/static/chunks/0loi_next_dist_125_q28._.js:2477
[ 1932455ms] [LOG] [Fast Refresh] done in 306ms @ http://localhost:3000/_next/static/chunks/0loi_next_dist_125_q28._.js:2477
[ 1932833ms] [INFO] %cDownload the React DevTools for a better development experience: https://react.dev/link/react-devtools font-weight:bold @ http://localhost:3000/_next/static/chunks/0loi_next_dist_125_q28._.js:2477
[ 1932938ms] [LOG] [HMR] connected @ http://localhost:3000/_next/static/chunks/0loi_next_dist_125_q28._.js:2477
[ 1933272ms] [WARNING] THREE.Clock: This module has been deprecated. Please use THREE.Timer instead. @ http://localhost:3000/_next/static/chunks/0loi_next_dist_125_q28._.js:2477
[ 1933598ms] [LOG] [Laptop] GLB world bbox size: 1.320 0.888 1.296 @ http://localhost:3000/_next/static/chunks/0loi_next_dist_125_q28._.js:2477
[ 1933598ms] [LOG] [Laptop] GLB world bbox center: -2.498 0.412 0.010 @ http://localhost:3000/_next/static/chunks/0loi_next_dist_125_q28._.js:2477
[ 1933598ms] [LOG] [Laptop] GLB world bbox size: 1.320 0.888 1.296 @ http://localhost:3000/_next/static/chunks/0loi_next_dist_125_q28._.js:2477
[ 1933599ms] [LOG] [Laptop] GLB world bbox center: -2.498 0.412 0.010 @ http://localhost:3000/_next/static/chunks/0loi_next_dist_125_q28._.js:2477
[ 1933683ms] [LOG] [Laptop] GLB world bbox size: 1.320 0.888 1.296 @ http://localhost:3000/_next/static/chunks/0loi_next_dist_125_q28._.js:2477
[ 1933683ms] [LOG] [Laptop] GLB world bbox center: -2.498 0.412 0.010 @ http://localhost:3000/_next/static/chunks/0loi_next_dist_125_q28._.js:2477
[ 1933684ms] [LOG] [Laptop] GLB world bbox size: 1.320 0.888 1.296 @ http://localhost:3000/_next/static/chunks/0loi_next_dist_125_q28._.js:2477
[ 1933684ms] [LOG] [Laptop] GLB world bbox center: -2.498 0.412 0.010 @ http://localhost:3000/_next/static/chunks/0loi_next_dist_125_q28._.js:2477
[ 1933691ms] [LOG] [Hardware] GLB size: 0.145 0.138 0.005 @ http://localhost:3000/_next/static/chunks/0loi_next_dist_125_q28._.js:2477
[ 1933692ms] [LOG] [Hardware] scaleFactor: 17.260 @ http://localhost:3000/_next/static/chunks/0loi_next_dist_125_q28._.js:2477
[ 1933692ms] [LOG] [Hardware] GLB size: 0.145 0.138 0.005 @ http://localhost:3000/_next/static/chunks/0loi_next_dist_125_q28._.js:2477
[ 1933693ms] [LOG] [Hardware] scaleFactor: 17.260 @ http://localhost:3000/_next/static/chunks/0loi_next_dist_125_q28._.js:2477
[ 1933800ms] [LOG]   Group        | "Scene" @ http://localhost:3000/_next/static/chunks/0loi_next_dist_125_q28._.js:2477
[ 1933800ms] [LOG]   Group        | "DECK" @ http://localhost:3000/_next/static/chunks/0loi_next_dist_125_q28._.js:2477
[ 1933800ms] [LOG]   Mesh         | "Cube" @ http://localhost:3000/_next/static/chunks/0loi_next_dist_125_q28._.js:2477
[ 1933800ms] [LOG]   Mesh         | "Cube_1" @ http://localhost:3000/_next/static/chunks/0loi_next_dist_125_q28._.js:2477
[ 1933801ms] [LOG]   Mesh         | "Cube_2" @ http://localhost:3000/_next/static/chunks/0loi_next_dist_125_q28._.js:2477
[ 1933801ms] [LOG]   Mesh         | "Cube_3" @ http://localhost:3000/_next/static/chunks/0loi_next_dist_125_q28._.js:2477
[ 1933801ms] [LOG]   Group        | "keys_phy" @ http://localhost:3000/_next/static/chunks/0loi_next_dist_125_q28._.js:2477
[ 1933801ms] [LOG]   Mesh         | "Cube004" @ http://localhost:3000/_next/static/chunks/0loi_next_dist_125_q28._.js:2477
[ 1933801ms] [LOG]   Mesh         | "Cube004_1" @ http://localhost:3000/_next/static/chunks/0loi_next_dist_125_q28._.js:2477
[ 1933801ms] [LOG]   Mesh         | "mold_1" @ http://localhost:3000/_next/static/chunks/0loi_next_dist_125_q28._.js:2477
[ 1933801ms] [LOG]   Mesh         | "mold_3" @ http://localhost:3000/_next/static/chunks/0loi_next_dist_125_q28._.js:2477
[ 1933801ms] [LOG]   Mesh         | "mold_3001" @ http://localhost:3000/_next/static/chunks/0loi_next_dist_125_q28._.js:2477
[ 1933801ms] [LOG]   Mesh         | "notification_led" @ http://localhost:3000/_next/static/chunks/0loi_next_dist_125_q28._.js:2477
[ 1933801ms] [LOG]   Mesh         | "powerbutton001" @ http://localhost:3000/_next/static/chunks/0loi_next_dist_125_q28._.js:2477
[ 1933801ms] [LOG]   Mesh         | "powerbutton" @ http://localhost:3000/_next/static/chunks/0loi_next_dist_125_q28._.js:2477
[ 1933801ms] [LOG]   Mesh         | "tufLogo" @ http://localhost:3000/_next/static/chunks/0loi_next_dist_125_q28._.js:2477
[ 1933802ms] [LOG]   Mesh         | "W" @ http://localhost:3000/_next/static/chunks/0loi_next_dist_125_q28._.js:2477
[ 1933802ms] [LOG]   Mesh         | "A" @ http://localhost:3000/_next/static/chunks/0loi_next_dist_125_q28._.js:2477
[ 1933802ms] [LOG]   Mesh         | "D" @ http://localhost:3000/_next/static/chunks/0loi_next_dist_125_q28._.js:2477
[ 1933802ms] [LOG]   Mesh         | "S" @ http://localhost:3000/_next/static/chunks/0loi_next_dist_125_q28._.js:2477
[ 1933802ms] [LOG]   Group        | "laptop_display" @ http://localhost:3000/_next/static/chunks/0loi_next_dist_125_q28._.js:2477
[ 1933802ms] [LOG]   Mesh         | "Cube001" @ http://localhost:3000/_next/static/chunks/0loi_next_dist_125_q28._.js:2477
[ 1933802ms] [LOG]   Mesh         | "Cube001_1" @ http://localhost:3000/_next/static/chunks/0loi_next_dist_125_q28._.js:2477
[ 1933802ms] [LOG]   Mesh         | "Cylinder" @ http://localhost:3000/_next/static/chunks/0loi_next_dist_125_q28._.js:2477
[ 1933802ms] [LOG]   Mesh         | "Cylinder001" @ http://localhost:3000/_next/static/chunks/0loi_next_dist_125_q28._.js:2477
[ 1933802ms] [LOG]   Mesh         | "Plane" @ http://localhost:3000/_next/static/chunks/0loi_next_dist_125_q28._.js:2477
[ 1933802ms] [LOG]   Mesh         | "tufLogo001" @ http://localhost:3000/_next/static/chunks/0loi_next_dist_125_q28._.js:2477
[ 1933802ms] [LOG]   Mesh         | "wallpaper" @ http://localhost:3000/_next/static/chunks/0loi_next_dist_125_q28._.js:2477
[ 1933802ms] [LOG]   Mesh         | "backlight" @ http://localhost:3000/_next/static/chunks/0loi_next_dist_125_q28._.js:2477
[ 1933803ms] [LOG] [Laptop] Screen texture wired to: wallpaper @ http://localhost:3000/_next/static/chunks/0loi_next_dist_125_q28._.js:2477
[ 1933803ms] [LOG] [Laptop] Mirror fix applied via texture repeat/offset mapping @ http://localhost:3000/_next/static/chunks/0loi_next_dist_125_q28._.js:2477
[ 1934014ms] [LOG] [Laptop] GLB world bbox size: 1.320 0.888 1.296 @ http://localhost:3000/_next/static/chunks/0loi_next_dist_125_q28._.js:2477
[ 1934014ms] [LOG] [Laptop] GLB world bbox center: -2.498 0.412 0.010 @ http://localhost:3000/_next/static/chunks/0loi_next_dist_125_q28._.js:2477
[ 1934015ms] [LOG] [Laptop] GLB world bbox size: 1.320 0.888 1.296 @ http://localhost:3000/_next/static/chunks/0loi_next_dist_125_q28._.js:2477
[ 1934015ms] [LOG] [Laptop] GLB world bbox center: -2.498 0.412 0.010 @ http://localhost:3000/_next/static/chunks/0loi_next_dist_125_q28._.js:2477
[ 1934020ms] [LOG] [Hardware] GLB size: 0.145 0.138 0.005 @ http://localhost:3000/_next/static/chunks/0loi_next_dist_125_q28._.js:2477
[ 1934020ms] [LOG] [Hardware] scaleFactor: 17.260 @ http://localhost:3000/_next/static/chunks/0loi_next_dist_125_q28._.js:2477
[ 1934020ms] [LOG] [Hardware] GLB size: 0.145 0.138 0.005 @ http://localhost:3000/_next/static/chunks/0loi_next_dist_125_q28._.js:2477
[ 1934021ms] [LOG] [Hardware] scaleFactor: 17.260 @ http://localhost:3000/_next/static/chunks/0loi_next_dist_125_q28._.js:2477
[ 1934039ms] [LOG]   Group        | "Scene" @ http://localhost:3000/_next/static/chunks/0loi_next_dist_125_q28._.js:2477
[ 1934039ms] [LOG]   Group        | "DECK" @ http://localhost:3000/_next/static/chunks/0loi_next_dist_125_q28._.js:2477
[ 1934039ms] [LOG]   Mesh         | "Cube" @ http://localhost:3000/_next/static/chunks/0loi_next_dist_125_q28._.js:2477
[ 1934039ms] [LOG]   Mesh         | "Cube_1" @ http://localhost:3000/_next/static/chunks/0loi_next_dist_125_q28._.js:2477
[ 1934039ms] [LOG]   Mesh         | "Cube_2" @ http://localhost:3000/_next/static/chunks/0loi_next_dist_125_q28._.js:2477
[ 1934039ms] [LOG]   Mesh         | "Cube_3" @ http://localhost:3000/_next/static/chunks/0loi_next_dist_125_q28._.js:2477
[ 1934039ms] [LOG]   Group        | "keys_phy" @ http://localhost:3000/_next/static/chunks/0loi_next_dist_125_q28._.js:2477
[ 1934039ms] [LOG]   Mesh         | "Cube004" @ http://localhost:3000/_next/static/chunks/0loi_next_dist_125_q28._.js:2477
[ 1934039ms] [LOG]   Mesh         | "Cube004_1" @ http://localhost:3000/_next/static/chunks/0loi_next_dist_125_q28._.js:2477
[ 1934039ms] [LOG]   Mesh         | "mold_1" @ http://localhost:3000/_next/static/chunks/0loi_next_dist_125_q28._.js:2477
[ 1934040ms] [LOG]   Mesh         | "mold_3" @ http://localhost:3000/_next/static/chunks/0loi_next_dist_125_q28._.js:2477
[ 1934040ms] [LOG]   Mesh         | "mold_3001" @ http://localhost:3000/_next/static/chunks/0loi_next_dist_125_q28._.js:2477
[ 1934040ms] [LOG]   Mesh         | "notification_led" @ http://localhost:3000/_next/static/chunks/0loi_next_dist_125_q28._.js:2477
[ 1934040ms] [LOG]   Mesh         | "powerbutton001" @ http://localhost:3000/_next/static/chunks/0loi_next_dist_125_q28._.js:2477
[ 1934040ms] [LOG]   Mesh         | "powerbutton" @ http://localhost:3000/_next/static/chunks/0loi_next_dist_125_q28._.js:2477
[ 1934040ms] [LOG]   Mesh         | "tufLogo" @ http://localhost:3000/_next/static/chunks/0loi_next_dist_125_q28._.js:2477
[ 1934040ms] [LOG]   Mesh         | "W" @ http://localhost:3000/_next/static/chunks/0loi_next_dist_125_q28._.js:2477
[ 1934040ms] [LOG]   Mesh         | "A" @ http://localhost:3000/_next/static/chunks/0loi_next_dist_125_q28._.js:2477
[ 1934040ms] [LOG]   Mesh         | "D" @ http://localhost:3000/_next/static/chunks/0loi_next_dist_125_q28._.js:2477
[ 1934040ms] [LOG]   Mesh         | "S" @ http://localhost:3000/_next/static/chunks/0loi_next_dist_125_q28._.js:2477
[ 1934040ms] [LOG]   Group        | "laptop_display" @ http://localhost:3000/_next/static/chunks/0loi_next_dist_125_q28._.js:2477
[ 1934040ms] [LOG]   Mesh         | "Cube001" @ http://localhost:3000/_next/static/chunks/0loi_next_dist_125_q28._.js:2477
[ 1934040ms] [LOG]   Mesh         | "Cube001_1" @ http://localhost:3000/_next/static/chunks/0loi_next_dist_125_q28._.js:2477
[ 1934040ms] [LOG]   Mesh         | "Cylinder" @ http://localhost:3000/_next/static/chunks/0loi_next_dist_125_q28._.js:2477
[ 1934040ms] [LOG]   Mesh         | "Cylinder001" @ http://localhost:3000/_next/static/chunks/0loi_next_dist_125_q28._.js:2477
[ 1934041ms] [LOG]   Mesh         | "Plane" @ http://localhost:3000/_next/static/chunks/0loi_next_dist_125_q28._.js:2477
[ 1934041ms] [LOG]   Mesh         | "tufLogo001" @ http://localhost:3000/_next/static/chunks/0loi_next_dist_125_q28._.js:2477
[ 1934041ms] [LOG]   Mesh         | "wallpaper" @ http://localhost:3000/_next/static/chunks/0loi_next_dist_125_q28._.js:2477
[ 1934041ms] [LOG]   Mesh         | "backlight" @ http://localhost:3000/_next/static/chunks/0loi_next_dist_125_q28._.js:2477
[ 1934041ms] [LOG] [Laptop] Screen texture wired to: wallpaper @ http://localhost:3000/_next/static/chunks/0loi_next_dist_125_q28._.js:2477
[ 1934041ms] [LOG] [Laptop] Mirror fix applied via texture repeat/offset mapping @ http://localhost:3000/_next/static/chunks/0loi_next_dist_125_q28._.js:2477
[ 1934465ms] [LOG] THREE.WebGLRenderer: Context Lost. @ http://localhost:3000/_next/static/chunks/0loi_next_dist_125_q28._.js:2477
[ 1934932ms] [WARNING] THREE.Clock: This module has been deprecated. Please use THREE.Timer instead. @ http://localhost:3000/_next/static/chunks/0loi_next_dist_125_q28._.js:2477
[ 1934994ms] [LOG] [Laptop] GLB world bbox size: 1.320 0.888 1.296 @ http://localhost:3000/_next/static/chunks/0loi_next_dist_125_q28._.js:2477
[ 1934995ms] [LOG] [Laptop] GLB world bbox center: -2.498 0.412 0.010 @ http://localhost:3000/_next/static/chunks/0loi_next_dist_125_q28._.js:2477
[ 1934995ms] [LOG] [Laptop] GLB world bbox size: 1.320 0.888 1.296 @ http://localhost:3000/_next/static/chunks/0loi_next_dist_125_q28._.js:2477
[ 1934995ms] [LOG] [Laptop] GLB world bbox center: -2.498 0.412 0.010 @ http://localhost:3000/_next/static/chunks/0loi_next_dist_125_q28._.js:2477
[ 1934998ms] [LOG] [Hardware] GLB size: 0.145 0.138 0.005 @ http://localhost:3000/_next/static/chunks/0loi_next_dist_125_q28._.js:2477
[ 1934998ms] [LOG] [Hardware] scaleFactor: 17.260 @ http://localhost:3000/_next/static/chunks/0loi_next_dist_125_q28._.js:2477
[ 1934998ms] [LOG] [Hardware] GLB size: 0.145 0.138 0.005 @ http://localhost:3000/_next/static/chunks/0loi_next_dist_125_q28._.js:2477
[ 1934999ms] [LOG] [Hardware] scaleFactor: 17.260 @ http://localhost:3000/_next/static/chunks/0loi_next_dist_125_q28._.js:2477
[ 1935059ms] [LOG]   Group        | "Scene" @ http://localhost:3000/_next/static/chunks/0loi_next_dist_125_q28._.js:2477
[ 1935060ms] [LOG]   Group        | "DECK" @ http://localhost:3000/_next/static/chunks/0loi_next_dist_125_q28._.js:2477
[ 1935060ms] [LOG]   Mesh         | "Cube" @ http://localhost:3000/_next/static/chunks/0loi_next_dist_125_q28._.js:2477
[ 1935060ms] [LOG]   Mesh         | "Cube_1" @ http://localhost:3000/_next/static/chunks/0loi_next_dist_125_q28._.js:2477
[ 1935060ms] [LOG]   Mesh         | "Cube_2" @ http://localhost:3000/_next/static/chunks/0loi_next_dist_125_q28._.js:2477
[ 1935060ms] [LOG]   Mesh         | "Cube_3" @ http://localhost:3000/_next/static/chunks/0loi_next_dist_125_q28._.js:2477
[ 1935060ms] [LOG]   Group        | "keys_phy" @ http://localhost:3000/_next/static/chunks/0loi_next_dist_125_q28._.js:2477
[ 1935060ms] [LOG]   Mesh         | "Cube004" @ http://localhost:3000/_next/static/chunks/0loi_next_dist_125_q28._.js:2477
[ 1935060ms] [LOG]   Mesh         | "Cube004_1" @ http://localhost:3000/_next/static/chunks/0loi_next_dist_125_q28._.js:2477
[ 1935060ms] [LOG]   Mesh         | "mold_1" @ http://localhost:3000/_next/static/chunks/0loi_next_dist_125_q28._.js:2477
[ 1935061ms] [LOG]   Mesh         | "mold_3" @ http://localhost:3000/_next/static/chunks/0loi_next_dist_125_q28._.js:2477
[ 1935061ms] [LOG]   Mesh         | "mold_3001" @ http://localhost:3000/_next/static/chunks/0loi_next_dist_125_q28._.js:2477
[ 1935061ms] [LOG]   Mesh         | "notification_led" @ http://localhost:3000/_next/static/chunks/0loi_next_dist_125_q28._.js:2477
[ 1935061ms] [LOG]   Mesh         | "powerbutton001" @ http://localhost:3000/_next/static/chunks/0loi_next_dist_125_q28._.js:2477
[ 1935061ms] [LOG]   Mesh         | "powerbutton" @ http://localhost:3000/_next/static/chunks/0loi_next_dist_125_q28._.js:2477
[ 1935061ms] [LOG]   Mesh         | "tufLogo" @ http://localhost:3000/_next/static/chunks/0loi_next_dist_125_q28._.js:2477
[ 1935061ms] [LOG]   Mesh         | "W" @ http://localhost:3000/_next/static/chunks/0loi_next_dist_125_q28._.js:2477
[ 1935062ms] [LOG]   Mesh         | "A" @ http://localhost:3000/_next/static/chunks/0loi_next_dist_125_q28._.js:2477
[ 1935062ms] [LOG]   Mesh         | "D" @ http://localhost:3000/_next/static/chunks/0loi_next_dist_125_q28._.js:2477
[ 1935062ms] [LOG]   Mesh         | "S" @ http://localhost:3000/_next/static/chunks/0loi_next_dist_125_q28._.js:2477
[ 1935062ms] [LOG]   Group        | "laptop_display" @ http://localhost:3000/_next/static/chunks/0loi_next_dist_125_q28._.js:2477
[ 1935062ms] [LOG]   Mesh         | "Cube001" @ http://localhost:3000/_next/static/chunks/0loi_next_dist_125_q28._.js:2477
[ 1935062ms] [LOG]   Mesh         | "Cube001_1" @ http://localhost:3000/_next/static/chunks/0loi_next_dist_125_q28._.js:2477
[ 1935062ms] [LOG]   Mesh         | "Cylinder" @ http://localhost:3000/_next/static/chunks/0loi_next_dist_125_q28._.js:2477
[ 1935062ms] [LOG]   Mesh         | "Cylinder001" @ http://localhost:3000/_next/static/chunks/0loi_next_dist_125_q28._.js:2477
[ 1935062ms] [LOG]   Mesh         | "Plane" @ http://localhost:3000/_next/static/chunks/0loi_next_dist_125_q28._.js:2477
[ 1935062ms] [LOG]   Mesh         | "tufLogo001" @ http://localhost:3000/_next/static/chunks/0loi_next_dist_125_q28._.js:2477
[ 1935063ms] [LOG]   Mesh         | "wallpaper" @ http://localhost:3000/_next/static/chunks/0loi_next_dist_125_q28._.js:2477
[ 1935063ms] [LOG]   Mesh         | "backlight" @ http://localhost:3000/_next/static/chunks/0loi_next_dist_125_q28._.js:2477
[ 1935063ms] [LOG] [Laptop] Screen texture wired to: wallpaper @ http://localhost:3000/_next/static/chunks/0loi_next_dist_125_q28._.js:2477
[ 1935063ms] [LOG] [Laptop] Mirror fix applied via texture repeat/offset mapping @ http://localhost:3000/_next/static/chunks/0loi_next_dist_125_q28._.js:2477
